satellite,satellite_name,staleness_h,threshold_hz,is_preregistered_threshold,status,candidate_pairs,accepted_pairs,rejected_pairs,reject_rate_pct,n_train_pairs,n_validation_pairs,n_test_pairs,selected_model,val_sgp4_mae_hz,val_learned_mae_hz,val_improvement_pct,gate_decision,gate_mae,gate_p95,gate_p99,gate_outage,gate_guard_cost,test_sgp4_mae_hz,test_learned_mae_hz,test_delta_mae_hz,test_degradation_pct,test_improvement_pct,learned_wins,sgp4_wins,ties,pair_win_rate,mean_pair_delta_mae_hz,median_pair_delta_mae_hz,pair_ci_low_hz,pair_ci_high_hz,sign_test_p,holm_p,bh_q,block_bootstrap_days,block_ci_low_hz,block_ci_high_hz,block_ci_excludes_zero,test_sgp4_p95_hz,test_learned_p95_hz,test_sgp4_p99_hz,test_learned_p99_hz,test_sgp4_outage_proxy,test_learned_outage_proxy
NORAD25544,ISS (ZARYA),8,none,False,evaluated,44649,44649,0,0.0,27420,7918,9311,linear_bias_rate,2.033868,2.050257,-0.8058,closed,closed,closed,closed,closed,closed,3.769557,3.780786,0.011229,0.2979,-0.2979,3788,5518,5,0.406831,0.011229,0.017056,0.010147,0.012332,0.0,0.0,0.0,1956,0.009846,0.012654,True,9.919745,9.936568,18.547251,18.55735,0.00055,0.00055
NORAD25544,ISS (ZARYA),8,150,False,evaluated,44649,43733,916,2.0516,26778,7816,9139,linear_bias_rate,1.291952,1.294391,-0.1888,closed,closed,closed,closed,closed,closed,1.849191,1.850141,0.00095,0.0514,-0.0514,4372,4753,14,0.478389,0.00095,0.000837,0.000603,0.001343,6.9e-05,0.011661,0.00018265,1954,0.000529,0.001372,True,4.780271,4.783346,8.623726,8.625675,0.0,0.0
NORAD25544,ISS (ZARYA),8,500,False,evaluated,44649,44396,253,0.5666,27233,7895,9268,linear_bias_rate,1.711949,1.721038,-0.5309,closed,closed,closed,closed,closed,closed,2.548747,2.554342,0.005595,0.2195,-0.2195,3950,5309,9,0.426198,0.005595,0.011782,0.004781,0.006386,0.0,0.0,0.0,1955,0.00462,0.006576,True,6.544002,6.553914,11.680136,11.685827,0.0,0.0
NORAD25544,ISS (ZARYA),8,1500,True,evaluated,44649,44580,69,0.1545,27365,7918,9297,linear_bias_rate,2.033868,2.049001,-0.7441,closed,closed,closed,closed,closed,closed,2.97944,2.989038,0.009598,0.3222,-0.3222,3832,5456,9,0.412176,0.009598,0.01731,0.008528,0.010652,0.0,0.0,0.0,1956,0.008266,0.010972,True,7.709307,7.725447,13.846566,13.856367,0.000197,0.000197
NORAD25544,ISS (ZARYA),8,3000,False,evaluated,44649,44612,37,0.0829,27388,7918,9306,linear_bias_rate,2.033868,2.049093,-0.7486,closed,closed,closed,closed,closed,closed,3.212877,3.222447,0.00957,0.2979,-0.2979,3877,5419,10,0.416613,0.00957,0.015513,0.008468,0.010639,0.0,0.0,0.0,1956,0.008255,0.010949,True,8.182133,8.1984,15.565192,15.575169,0.00026,0.00026
NORAD25544,ISS (ZARYA),24,none,False,evaluated,46659,46656,3,0.0064,28399,8507,9750,linear_bias_rate,8.486235,8.569363,-0.9796,closed,closed,closed,closed,closed,closed,18.620185,18.697835,0.077651,0.417,-0.417,3816,5929,5,0.391385,0.077651,0.039024,0.07129,0.08374,0.0,0.0,0.0,2002,0.070382,0.084838,True,49.825046,49.922008,99.024009,99.089082,0.005697,0.005701
NORAD25544,ISS (ZARYA),24,150,False,evaluated,46659,42350,4309,9.2351,25338,8100,8912,linear_bias_rate,2.820642,2.820869,-0.008,closed,closed,closed,closed,closed,closed,3.764383,3.764387,4e-06,0.0001,-0.0001,4575,4317,20,0.513353,4e-06,-0.000207,-0.00021,0.000214,0.006419,0.89866,0.01323,1971,-0.000233,0.000261,False,9.774771,9.77526,17.080032,17.080469,0.0,0.0
NORAD25544,ISS (ZARYA),24,500,False,evaluated,46659,45072,1587,3.4013,27336,8350,9386,linear_bias_rate,4.400296,4.402941,-0.0601,closed,closed,closed,closed,closed,closed,6.202885,6.204615,0.001729,0.0279,-0.0279,4280,5093,13,0.455998,0.001729,0.004096,0.000951,0.002542,0.0,0.0,0.0,1990,0.000605,0.00281,True,15.95078,15.955596,27.902405,27.905554,0.0,0.0
NORAD25544,ISS (ZARYA),24,1500,True,evaluated,46659,45923,736,1.5774,27871,8455,9597,linear_bias_rate,6.224329,6.233598,-0.1489,closed,closed,closed,closed,closed,closed,9.63197,9.640041,0.008071,0.0838,-0.0838,4200,5387,10,0.437637,0.008071,0.009893,0.006476,0.009685,0.0,0.0,0.0,1997,0.006024,0.010125,True,25.395951,25.408912,45.038037,45.045863,0.001611,0.001611
NORAD25544,ISS (ZARYA),24,3000,False,evaluated,46659,46261,398,0.853,28096,8488,9677,linear_bias_rate,7.346606,7.377635,-0.4224,closed,closed,closed,closed,closed,closed,12.708824,12.737732,0.028909,0.2275,-0.2275,4107,5561,9,0.424408,0.028909,0.016244,0.025237,0.032556,0.0,0.0,0.0,2001,0.024829,0.033111,True,34.758713,34.799817,60.360225,60.387776,0.002919,0.002919
NORAD25544,ISS (ZARYA),48,none,False,evaluated,46707,46702,5,0.0107,28413,8533,9756,linear_bias_rate,26.853625,27.192393,-1.2615,closed,closed,closed,closed,closed,closed,61.13138,61.394299,0.262919,0.4301,-0.4301,3723,6031,2,0.381611,0.262919,0.159804,0.242902,0.282031,0.0,0.0,0.0,2003,0.238394,0.287026,True,156.554245,156.836006,327.42886,327.619371,0.025096,0.025126
NORAD25544,ISS (ZARYA),48,150,False,evaluated,46707,36371,10336,22.1294,21043,7574,7754,linear_bias_rate,5.271735,5.271904,-0.0032,closed,closed,closed,closed,closed,closed,6.935692,6.936011,0.000319,0.0046,-0.0046,3848,3892,14,0.49626,0.000319,4.1e-05,6e-05,0.00057,0.625013,1.0,0.702931,1880,2.9e-05,0.00061,True,18.451225,18.450426,29.359055,29.358315,0.0,0.0
NORAD25544,ISS (ZARYA),48,500,False,evaluated,46707,42094,4613,9.8765,25299,8084,8711,linear_bias_rate,8.373973,8.376432,-0.0294,closed,closed,closed,closed,closed,closed,12.124206,12.125311,0.001105,0.0091,-0.0091,4185,4518,8,0.480427,0.001105,0.003991,-9.3e-05,0.002289,0.000372,0.06138,0.00091946,1954,-0.000859,0.002956,False,30.820705,30.826359,52.170022,52.174392,0.0,0.0
NORAD25544,ISS (ZARYA),48,1500,True,evaluated,46707,44556,2151,4.6053,27006,8324,9226,linear_bias_rate,13.52868,13.554557,-0.1913,closed,closed,closed,closed,closed,closed,21.483488,21.501637,0.018149,0.0845,-0.0845,4062,5160,4,0.440277,0.018149,0.025222,0.014354,0.02192,0.0,0.0,0.0,1993,0.012626,0.023847,True,55.945878,55.970875,92.776832,92.792575,0.004896,0.004896
NORAD25544,ISS (ZARYA),48,3000,False,evaluated,46707,45449,1258,2.6934,27543,8440,9466,linear_bias_rate,18.437778,18.509162,-0.3872,closed,closed,closed,closed,closed,closed,31.113326,31.167142,0.053816,0.173,-0.173,4072,5391,3,0.430171,0.053816,0.039456,0.04685,0.060995,0.0,0.0,0.0,2002,0.044945,0.062099,True,82.704756,82.769705,139.000058,139.042782,0.009926,0.009926
NORAD25544,ISS (ZARYA),72,none,False,evaluated,46667,46662,5,0.0107,28385,8531,9746,linear_bias_rate,55.321186,56.167561,-1.5299,closed,closed,closed,closed,closed,closed,128.746379,129.378624,0.632245,0.4911,-0.4911,3439,6307,0,0.352863,0.632245,0.441699,0.596183,0.671782,0.0,0.0,0.0,2001,0.580508,0.683332,True,329.607058,330.004786,662.028904,662.230044,0.056617,0.056698
NORAD25544,ISS (ZARYA),72,150,False,evaluated,46667,29830,16837,36.079,16528,6847,6455,linear_bias_rate,7.612567,7.613036,-0.0062,closed,closed,closed,closed,closed,closed,10.126887,10.127,0.000113,0.0011,-0.0011,3308,3142,5,0.512471,0.000113,-0.00099,-0.000864,0.000987,0.03992,1.0,0.06694658,1768,-0.000881,0.001159,False,26.943825,26.945972,39.048503,39.049969,0.0,0.0
NORAD25544,ISS (ZARYA),72,500,False,evaluated,46667,38612,8055,17.2606,22940,7728,7944,linear_bias_rate,12.538131,12.5425,-0.0348,closed,closed,closed,closed,closed,closed,18.126627,18.129222,0.002596,0.0143,-0.0143,3877,4065,2,0.488041,0.002596,0.003612,7.9e-05,0.005169,0.035868,1.0,0.06090792,1883,-0.000881,0.006211,False,46.820371,46.829309,76.762122,76.769012,0.0,0.0
NORAD25544,ISS (ZARYA),72,1500,True,evaluated,46667,42563,4104,8.7942,25709,8113,8741,linear_bias_rate,21.371541,21.416184,-0.2089,closed,closed,closed,closed,closed,closed,33.99427,34.026628,0.032358,0.0952,-0.0952,3833,4906,2,0.438508,0.032358,0.073702,0.025926,0.038921,0.0,0.0,0.0,1975,0.02179,0.042926,True,87.268583,87.283742,142.963729,142.969524,0.009424,0.009429
NORAD25544,ISS (ZARYA),72,3000,False,evaluated,46667,44182,2485,5.325,26719,8323,9140,linear_bias_rate,31.392487,31.505625,-0.3604,closed,closed,closed,closed,closed,closed,52.068339,52.150924,0.082586,0.1586,-0.1586,3853,5286,1,0.421554,0.082586,0.079432,0.071894,0.093172,0.0,0.0,0.0,1995,0.068088,0.09772,True,136.484407,136.522585,222.175615,222.188197,0.020113,0.02014
NORAD25544,ISS (ZARYA),96,none,False,evaluated,46732,46729,3,0.0064,28405,8554,9770,linear_bias_rate,96.106751,97.347654,-1.2912,closed,closed,closed,closed,closed,closed,217.334738,218.274694,0.939956,0.4325,-0.4325,3505,6265,0,0.358751,0.939956,0.569572,0.878716,1.001065,0.0,0.0,0.0,2008,0.85874,1.023861,True,580.382949,580.743612,1101.396289,1101.432679,0.095701,0.095948
NORAD25544,ISS (ZARYA),96,150,False,evaluated,46732,24207,22525,48.2004,12870,6116,5221,linear_bias_rate,9.924746,9.924632,0.0012,closed,closed,closed,closed,closed,closed,13.040505,13.040348,-0.000157,-0.0012,0.0012,2683,2528,10,0.513886,-0.000157,-0.000225,-0.000359,4.1e-05,0.032887,1.0,0.05655726,1658,-0.000402,0.000102,False,34.046635,34.046943,45.725005,45.725306,0.0,0.0
NORAD25544,ISS (ZARYA),96,500,False,evaluated,46732,34900,11832,25.3188,20326,7398,7176,linear_bias_rate,17.392842,17.398972,-0.0352,closed,closed,closed,closed,closed,closed,25.150424,25.153678,0.003253,0.0129,-0.0129,3491,3683,2,0.486483,0.003253,0.006774,-0.000938,0.007358,0.024125,1.0,0.04285362,1809,-0.002985,0.009532,False,65.749457,65.765556,101.33898,101.351898,0.0,0.0
NORAD25544,ISS (ZARYA),96,1500,True,evaluated,46732,40361,6371,13.6331,24271,7885,8205,linear_bias_rate,27.638435,27.696921,-0.2116,closed,closed,closed,closed,closed,closed,45.422246,45.464414,0.042168,0.0928,-0.0928,3668,4537,0,0.447044,0.042168,0.099862,0.032263,0.052161,0.0,0.0,0.0,1934,0.025871,0.058168,True,115.742384,115.762544,186.110788,186.115293,0.012802,0.012822
NORAD25544,ISS (ZARYA),96,3000,False,evaluated,46732,42679,4053,8.6729,25780,8153,8746,linear_bias_rate,41.132836,41.249796,-0.2843,closed,closed,closed,closed,closed,closed,72.46273,72.552147,0.089417,0.1234,-0.1234,3696,5050,0,0.422593,0.089417,0.175371,0.076694,0.10184,0.0,0.0,0.0,1986,0.067599,0.111061,True,188.887243,188.870016,297.718273,297.671997,0.030185,0.0302
NORAD25544,ISS (ZARYA),168,none,False,evaluated,46745,46733,12,0.0257,28395,8559,9779,linear_bias_rate,270.692472,273.05769,-0.8738,closed,closed,closed,closed,closed,closed,587.189158,589.213216,2.024057,0.3447,-0.3447,3106,6673,0,0.317619,2.024057,3.329482,1.927342,2.120661,0.0,0.0,0.0,2010,1.847596,2.184444,True,1650.983143,1649.746971,2785.668761,2783.965501,0.219522,0.2206
NORAD25544,ISS (ZARYA),168,150,False,evaluated,46745,13211,33534,71.7382,6442,4043,2726,stale_age_ridge,15.346995,15.346603,0.0026,closed,closed,closed,closed,closed,closed,20.308311,20.302369,-0.005942,-0.0293,0.0293,1417,1306,3,0.519809,-0.005942,-0.006575,-0.009231,-0.002732,0.035012,1.0,0.05983063,1186,-0.009298,-0.002308,True,48.645601,48.648894,58.474213,58.482308,0.0,0.0
NORAD25544,ISS (ZARYA),168,500,False,evaluated,46745,23753,22992,49.186,12973,5989,4791,linear_bias_rate,30.720429,30.721528,-0.0036,closed,closed,closed,closed,closed,closed,44.120182,44.133964,0.013782,0.0312,-0.0312,2257,2534,0,0.471092,0.013782,0.024285,0.004274,0.023441,6.6e-05,0.01122,0.00017644,1545,0.000783,0.02729,True,113.249194,113.251082,152.039945,152.03513,0.0,0.0
NORAD25544,ISS (ZARYA),168,1500,True,evaluated,46745,33411,13334,28.525,19702,7100,6609,linear_bias_rate,54.650589,54.801684,-0.2765,closed,closed,closed,closed,closed,closed,87.84628,87.962303,0.116023,0.1321,-0.1321,2940,3669,0,0.444848,0.116023,0.253243,0.088026,0.143101,0.0,0.0,0.0,1792,0.07058,0.159538,True,225.555194,225.561348,331.018963,330.987456,0.030388,0.03035
NORAD25544,ISS (ZARYA),168,3000,False,evaluated,46745,37555,9190,19.6599,22454,7541,7560,linear_bias_rate,78.736462,79.119851,-0.4869,closed,closed,closed,closed,closed,closed,138.838177,139.119463,0.281286,0.2026,-0.2026,3142,4418,0,0.415608,0.281286,0.595126,0.243089,0.322869,0.0,0.0,0.0,1914,0.215648,0.351485,True,355.421236,355.287281,535.350496,535.153604,0.065416,0.065575
NORAD56726,IRIDIUM 181,8,none,False,evaluated,1902,1902,0,0.0,924,345,633,stale_age_ridge,0.194536,0.191874,1.3686,closed,closed,closed,closed,closed,closed,0.1674,0.164145,-0.003255,-1.9445,1.9445,391,242,0,0.617694,-0.003255,-0.003127,-0.004068,-0.002426,0.0,0.0,0.0,206,-0.004233,-0.002283,True,0.434291,0.427804,0.538744,0.532149,0.0,0.0
NORAD56726,IRIDIUM 181,8,150,False,evaluated,1902,1901,1,0.0526,923,345,633,stale_age_ridge,0.194536,0.191835,1.3887,closed,closed,closed,closed,closed,closed,0.1674,0.164212,-0.003188,-1.9043,1.9043,407,226,0,0.64297,-0.003188,-0.00324,-0.003859,-0.002511,0.0,0.0,0.0,206,-0.003982,-0.0024,True,0.434291,0.427844,0.538744,0.532296,0.0,0.0
NORAD56726,IRIDIUM 181,8,500,False,evaluated,1902,1902,0,0.0,924,345,633,stale_age_ridge,0.194536,0.191874,1.3686,closed,closed,closed,closed,closed,closed,0.1674,0.164145,-0.003255,-1.9445,1.9445,391,242,0,0.617694,-0.003255,-0.003127,-0.004068,-0.002426,0.0,0.0,0.0,206,-0.004233,-0.002283,True,0.434291,0.427804,0.538744,0.532149,0.0,0.0
NORAD56726,IRIDIUM 181,8,1500,True,evaluated,1902,1902,0,0.0,924,345,633,stale_age_ridge,0.194536,0.191874,1.3686,closed,closed,closed,closed,closed,closed,0.1674,0.164145,-0.003255,-1.9445,1.9445,391,242,0,0.617694,-0.003255,-0.003127,-0.004068,-0.002426,0.0,0.0,0.0,206,-0.004233,-0.002283,True,0.434291,0.427804,0.538744,0.532149,0.0,0.0
NORAD56726,IRIDIUM 181,8,3000,False,evaluated,1902,1902,0,0.0,924,345,633,stale_age_ridge,0.194536,0.191874,1.3686,closed,closed,closed,closed,closed,closed,0.1674,0.164145,-0.003255,-1.9445,1.9445,391,242,0,0.617694,-0.003255,-0.003127,-0.004068,-0.002426,0.0,0.0,0.0,206,-0.004233,-0.002283,True,0.434291,0.427804,0.538744,0.532149,0.0,0.0
NORAD56726,IRIDIUM 181,24,none,False,evaluated,2584,2584,0,0.0,1361,484,739,stale_age_ridge,0.718019,0.735589,-2.447,closed,closed,closed,closed,closed,closed,0.636758,0.650673,0.013916,2.1854,-2.1854,266,473,0,0.359946,0.013916,0.024412,0.008793,0.019029,0.0,0.0,0.0,228,0.006534,0.020965,True,1.688697,1.719606,2.360598,2.389648,0.0,0.0
NORAD56726,IRIDIUM 181,24,150,False,evaluated,2584,2577,7,0.2709,1354,484,739,stale_age_ridge,0.718019,0.706029,1.6699,closed,closed,closed,closed,closed,closed,0.636758,0.625708,-0.01105,-1.7353,1.7353,502,237,0,0.679296,-0.01105,-0.009613,-0.012972,-0.009108,0.0,0.0,0.0,228,-0.013634,-0.008589,True,1.688697,1.668587,2.360598,2.340544,0.0,0.0
NORAD56726,IRIDIUM 181,24,500,False,evaluated,2584,2583,1,0.0387,1360,484,739,stale_age_ridge,0.718019,0.707156,1.5129,closed,closed,closed,closed,closed,closed,0.636758,0.626506,-0.010251,-1.6099,1.6099,456,283,0,0.61705,-0.010251,-0.00796,-0.012714,-0.007758,0.0,0.0,0.0,228,-0.013669,-0.007009,True,1.688697,1.667866,2.360598,2.339883,0.0,0.0
NORAD56726,IRIDIUM 181,24,1500,True,evaluated,2584,2584,0,0.0,1361,484,739,stale_age_ridge,0.718019,0.735589,-2.447,closed,closed,closed,closed,closed,closed,0.636758,0.650673,0.013916,2.1854,-2.1854,266,473,0,0.359946,0.013916,0.024412,0.008793,0.019029,0.0,0.0,0.0,228,0.006534,0.020965,True,1.688697,1.719606,2.360598,2.389648,0.0,0.0
NORAD56726,IRIDIUM 181,24,3000,False,evaluated,2584,2584,0,0.0,1361,484,739,stale_age_ridge,0.718019,0.735589,-2.447,closed,closed,closed,closed,closed,closed,0.636758,0.650673,0.013916,2.1854,-2.1854,266,473,0,0.359946,0.013916,0.024412,0.008793,0.019029,0.0,0.0,0.0,228,0.006534,0.020965,True,1.688697,1.719606,2.360598,2.389648,0.0,0.0
NORAD56726,IRIDIUM 181,48,none,False,evaluated,2612,2612,0,0.0,1372,496,744,linear_bias_rate,1.728454,1.785182,-3.282,closed,closed,closed,closed,closed,closed,1.60997,1.649257,0.039287,2.4402,-2.4402,314,430,0,0.422043,0.039287,0.041771,0.030238,0.048815,2.4e-05,0.004104,6.48e-05,231,0.022673,0.054706,True,4.267894,4.482681,5.771777,5.984959,0.0,0.0
NORAD56726,IRIDIUM 181,48,150,False,evaluated,2612,2577,35,1.34,1339,494,744,stale_age_ridge,1.507157,1.484478,1.5047,closed,closed,closed,closed,closed,closed,1.60997,1.589224,-0.020746,-1.2886,1.2886,545,199,0,0.732527,-0.020746,-0.020768,-0.023712,-0.017718,0.0,0.0,0.0,231,-0.024621,-0.016681,True,4.267894,4.219113,5.771777,5.725394,0.0,0.0
NORAD56726,IRIDIUM 181,48,500,False,evaluated,2612,2606,6,0.2297,1366,496,744,stale_age_ridge,1.728454,1.706077,1.2946,closed,closed,closed,closed,closed,closed,1.60997,1.58937,-0.0206,-1.2795,1.2795,473,271,0,0.635753,-0.0206,-0.018517,-0.025916,-0.015239,0.0,0.0,0.0,231,-0.027952,-0.013109,True,4.267894,4.208026,5.771777,5.715877,0.0,0.0
NORAD56726,IRIDIUM 181,48,1500,True,evaluated,2612,2609,3,0.1149,1369,496,744,stale_age_ridge,1.728454,1.722946,0.3187,closed,closed,closed,closed,closed,closed,1.60997,1.602915,-0.007055,-0.4382,0.4382,387,357,0,0.520161,-0.007055,-0.003181,-0.014926,0.000937,0.287688,1.0,0.3922408,231,-0.018677,0.00436,False,4.267894,4.229699,5.771777,5.737592,0.0,0.0
NORAD56726,IRIDIUM 181,48,3000,False,evaluated,2612,2610,2,0.0766,1370,496,744,stale_age_ridge,1.728454,1.783545,-3.1873,closed,closed,closed,closed,closed,closed,1.60997,1.652535,0.042565,2.6438,-2.6438,292,452,0,0.392473,0.042565,0.059293,0.030138,0.055522,0.0,0.0,0.0,231,0.021965,0.06212,True,4.267894,4.334997,5.771777,5.835234,0.0,0.0
NORAD56726,IRIDIUM 181,72,none,False,evaluated,2597,2597,0,0.0,1364,492,741,linear_bias_rate,3.048264,3.084717,-1.1959,closed,closed,closed,closed,closed,closed,2.850624,2.863687,0.013063,0.4583,-0.4583,361,380,0,0.487179,0.013063,0.000157,0.004671,0.021746,0.508481,1.0,0.62404486,230,0.002871,0.022807,True,7.531783,7.571592,10.173922,10.210694,0.0,0.0
NORAD56726,IRIDIUM 181,72,150,False,evaluated,2597,2528,69,2.6569,1302,486,740,stale_age_ridge,2.362263,2.323944,1.6221,closed,closed,closed,closed,closed,closed,2.81176,2.774357,-0.037403,-1.3302,1.3302,525,215,0,0.709459,-0.037403,-0.03453,-0.04325,-0.031333,0.0,0.0,0.0,230,-0.044842,-0.029887,True,7.421065,7.338746,9.893087,9.811453,0.0,0.0
NORAD56726,IRIDIUM 181,72,500,False,evaluated,2597,2585,12,0.4621,1352,492,741,stale_age_ridge,3.048264,3.01678,1.0328,closed,closed,closed,closed,closed,closed,2.850624,2.81062,-0.040004,-1.4033,1.4033,430,311,0,0.580297,-0.040004,-0.03289,-0.051957,-0.027696,1.4e-05,0.002422,3.857e-05,230,-0.056033,-0.023937,True,7.531783,7.439469,10.173922,10.087113,0.0,0.0
NORAD56726,IRIDIUM 181,72,1500,True,evaluated,2597,2591,6,0.231,1358,492,741,stale_age_ridge,3.048264,3.035582,0.416,closed,closed,closed,closed,closed,closed,2.850624,2.822508,-0.028115,-0.9863,0.9863,397,344,0,0.535762,-0.028115,-0.017874,-0.042803,-0.013035,0.056025,1.0,0.0895074,230,-0.048564,-0.007962,True,7.531783,7.452793,10.173922,10.101205,0.0,0.0
NORAD56726,IRIDIUM 181,72,3000,False,evaluated,2597,2593,4,0.154,1360,492,741,stale_age_ridge,3.048264,3.099757,-1.6893,closed,closed,closed,closed,closed,closed,2.850624,2.866758,0.016134,0.566,-0.566,337,404,0,0.454791,0.016134,0.034704,-0.005576,0.037763,0.01527,1.0,0.02767047,230,-0.014983,0.046688,False,7.531783,7.529533,10.173922,10.179623,0.0,0.0
NORAD56726,IRIDIUM 181,96,none,False,evaluated,2652,2652,0,0.0,1398,504,750,linear_bias_rate,4.97603,6.10334,-22.6548,closed,closed,closed,closed,closed,closed,4.474018,5.318482,0.844464,18.8749,-18.8749,117,633,0,0.156,0.844464,0.513476,0.755054,0.945199,0.0,0.0,0.0,231,0.732613,0.971372,True,11.882672,12.148071,16.013465,16.19851,0.0,0.0
NORAD56726,IRIDIUM 181,96,150,False,evaluated,2652,2528,124,4.6757,1294,489,745,stale_age_ridge,3.592005,3.543494,1.3505,closed,closed,closed,closed,closed,closed,4.27119,4.21911,-0.05208,-1.2193,1.2193,553,192,0,0.742282,-0.05208,-0.047409,-0.058739,-0.045424,0.0,0.0,0.0,231,-0.060303,-0.044014,True,11.264469,11.121412,14.776584,14.638212,0.0,0.0
NORAD56726,IRIDIUM 181,96,500,False,evaluated,2652,2626,26,0.9804,1373,503,750,stale_age_ridge,4.636405,4.580184,1.2126,closed,closed,closed,closed,closed,closed,4.474018,4.397467,-0.07655,-1.711,1.711,497,253,0,0.662667,-0.07655,-0.06625,-0.090384,-0.062332,0.0,0.0,0.0,231,-0.096022,-0.057112,True,11.882672,11.651048,16.013465,15.789661,0.0,0.0
NORAD56726,IRIDIUM 181,96,1500,True,evaluated,2652,2642,10,0.3771,1388,504,750,stale_age_ridge,4.97603,4.936554,0.7933,closed,closed,closed,closed,closed,closed,4.474018,4.400893,-0.073124,-1.6344,1.6344,464,286,0,0.618667,-0.073124,-0.065951,-0.090799,-0.054456,0.0,0.0,0.0,231,-0.099353,-0.047946,True,11.882672,11.632432,16.013465,15.777004,0.0,0.0
NORAD56726,IRIDIUM 181,96,3000,False,evaluated,2652,2643,9,0.3394,1389,504,750,stale_age_ridge,4.97603,4.946326,0.5969,closed,closed,closed,closed,closed,closed,4.474018,4.405258,-0.06876,-1.5369,1.5369,443,307,0,0.590667,-0.06876,-0.067075,-0.087755,-0.048455,1e-06,0.000178,2.9e-06,231,-0.097041,-0.041262,True,11.882672,11.634678,16.013465,15.778789,0.0,0.0
NORAD56726,IRIDIUM 181,168,none,False,evaluated,2663,2663,0,0.0,1404,507,752,linear_bias_rate,13.464661,14.359192,-6.6435,closed,closed,closed,closed,closed,closed,9.861702,10.330275,0.468573,4.7514,-4.7514,366,386,0,0.486702,0.468573,0.020056,0.347274,0.58623,0.488423,1.0,0.60216534,231,0.303224,0.637095,True,26.120521,26.475631,35.639949,35.914642,5.5e-05,5.5e-05
NORAD56726,IRIDIUM 181,168,150,False,evaluated,2663,2323,340,12.7676,1145,460,718,stale_age_ridge,8.396804,8.242108,1.8423,closed,closed,closed,closed,closed,closed,8.690262,8.330818,-0.359444,-4.1362,4.1362,536,182,0,0.746518,-0.359444,-0.389924,-0.411501,-0.302463,0.0,0.0,0.0,230,-0.440195,-0.270377,True,22.569139,21.790234,28.171937,27.385279,0.0,0.0
NORAD56726,IRIDIUM 181,168,500,False,evaluated,2663,2568,95,3.5674,1317,500,751,stale_age_ridge,11.730329,11.602161,1.0926,closed,closed,closed,closed,closed,closed,9.789747,9.603746,-0.186002,-1.9,1.9,525,226,0,0.699068,-0.186002,-0.187585,-0.212351,-0.160487,0.0,0.0,0.0,231,-0.219393,-0.153481,True,25.933846,25.2184,35.083552,34.358386,0.0,0.0
NORAD56726,IRIDIUM 181,168,1500,True,evaluated,2663,2638,25,0.9388,1379,507,752,stale_age_ridge,13.464661,13.380122,0.6279,closed,closed,closed,closed,closed,closed,9.861702,9.641488,-0.220214,-2.233,2.233,487,265,0,0.647606,-0.220214,-0.236855,-0.266358,-0.177333,0.0,0.0,0.0,231,-0.283539,-0.155495,True,26.120521,25.135615,35.639949,34.634589,5.5e-05,5.5e-05
NORAD56726,IRIDIUM 181,168,3000,False,evaluated,2663,2649,14,0.5257,1390,507,752,stale_age_ridge,13.464661,13.418042,0.3462,closed,closed,closed,closed,closed,closed,9.861702,9.644219,-0.217483,-2.2053,2.2053,481,271,0,0.639628,-0.217483,-0.246539,-0.272113,-0.165896,0.0,0.0,0.0,231,-0.294085,-0.138443,True,26.120521,25.047366,35.639949,34.542517,5.5e-05,5.5e-05
NORAD56727,IRIDIUM 177,8,none,False,evaluated,1875,1875,0,0.0,876,360,639,stale_age_ridge,0.488971,0.487756,0.2486,closed,closed,closed,closed,closed,closed,0.424478,0.424424,-5.3e-05,-0.0125,0.0125,312,327,0,0.488263,-5.3e-05,0.001386,-0.001942,0.001894,0.579729,1.0,0.66841932,217,-0.002319,0.002205,False,1.141726,1.147159,1.492778,1.498537,0.0,0.0
NORAD56727,IRIDIUM 177,8,150,False,evaluated,1875,1874,1,0.0533,875,360,639,stale_age_ridge,0.488971,0.488422,0.1123,closed,closed,closed,closed,closed,closed,0.424478,0.425191,0.000714,0.1681,-0.1681,302,337,0,0.472613,0.000714,0.002205,-0.001313,0.002774,0.178573,1.0,0.26062005,217,-0.001716,0.00314,False,1.141726,1.148613,1.492778,1.500068,0.0,0.0
NORAD56727,IRIDIUM 177,8,500,False,evaluated,1875,1875,0,0.0,876,360,639,stale_age_ridge,0.488971,0.487756,0.2486,closed,closed,closed,closed,closed,closed,0.424478,0.424424,-5.3e-05,-0.0125,0.0125,312,327,0,0.488263,-5.3e-05,0.001386,-0.001942,0.001894,0.579729,1.0,0.66841932,217,-0.002319,0.002205,False,1.141726,1.147159,1.492778,1.498537,0.0,0.0
NORAD56727,IRIDIUM 177,8,1500,True,evaluated,1875,1875,0,0.0,876,360,639,stale_age_ridge,0.488971,0.487756,0.2486,closed,closed,closed,closed,closed,closed,0.424478,0.424424,-5.3e-05,-0.0125,0.0125,312,327,0,0.488263,-5.3e-05,0.001386,-0.001942,0.001894,0.579729,1.0,0.66841932,217,-0.002319,0.002205,False,1.141726,1.147159,1.492778,1.498537,0.0,0.0
NORAD56727,IRIDIUM 177,8,3000,False,evaluated,1875,1875,0,0.0,876,360,639,stale_age_ridge,0.488971,0.487756,0.2486,closed,closed,closed,closed,closed,closed,0.424478,0.424424,-5.3e-05,-0.0125,0.0125,312,327,0,0.488263,-5.3e-05,0.001386,-0.001942,0.001894,0.579729,1.0,0.66841932,217,-0.002319,0.002205,False,1.141726,1.147159,1.492778,1.498537,0.0,0.0
NORAD56727,IRIDIUM 177,24,none,False,evaluated,2545,2545,0,0.0,1343,479,723,linear_bias_rate,1.672105,1.730192,-3.4739,closed,closed,closed,closed,closed,closed,1.59579,1.641363,0.045572,2.8558,-2.8558,290,433,0,0.401107,0.045572,0.009386,0.034938,0.057404,0.0,0.0,0.0,231,0.033744,0.057668,True,4.291282,4.3615,5.374954,5.431209,0.0,0.0
NORAD56727,IRIDIUM 177,24,150,False,evaluated,2545,2523,22,0.8644,1323,479,721,stale_age_ridge,1.672105,1.674725,-0.1567,closed,closed,closed,closed,closed,closed,1.454605,1.45269,-0.001915,-0.1317,0.1317,340,381,0,0.471567,-0.001915,0.005214,-0.007331,0.00364,0.136254,1.0,0.20325182,231,-0.009916,0.005698,False,3.853156,3.859481,4.870075,4.873781,0.0,0.0
NORAD56727,IRIDIUM 177,24,500,False,evaluated,2545,2543,2,0.0786,1341,479,723,linear_bias_rate,1.672105,1.687747,-0.9354,closed,closed,closed,closed,closed,closed,1.59579,1.608145,0.012354,0.7742,-0.7742,401,322,0,0.554633,0.012354,-0.00207,0.007917,0.017252,0.003692,0.524264,0.00772744,231,0.007494,0.017355,True,4.291282,4.308907,5.374954,5.38774,0.0,0.0
NORAD56727,IRIDIUM 177,24,1500,True,evaluated,2545,2544,1,0.0393,1342,479,723,linear_bias_rate,1.672105,1.686998,-0.8907,closed,closed,closed,closed,closed,closed,1.59579,1.607619,0.011829,0.7412,-0.7412,397,326,0,0.549101,0.011829,-0.001957,0.007565,0.016574,0.009186,1.0,0.0181038,231,0.007125,0.01668,True,4.291282,4.307635,5.374954,5.386646,0.0,0.0
NORAD56727,IRIDIUM 177,24,3000,False,evaluated,2545,2544,1,0.0393,1342,479,723,linear_bias_rate,1.672105,1.686998,-0.8907,closed,closed,closed,closed,closed,closed,1.59579,1.607619,0.011829,0.7412,-0.7412,397,326,0,0.549101,0.011829,-0.001957,0.007565,0.016574,0.009186,1.0,0.0181038,231,0.007125,0.01668,True,4.291282,4.307635,5.374954,5.386646,0.0,0.0
NORAD56727,IRIDIUM 177,48,none,False,evaluated,2534,2534,0,0.0,1335,477,722,linear_bias_rate,3.841564,3.91898,-2.0152,closed,closed,closed,closed,closed,closed,5.115764,5.175448,0.059683,1.1667,-1.1667,286,436,0,0.396122,0.059683,0.011662,0.045126,0.075256,0.0,0.0,0.0,229,0.041252,0.07803,True,13.796237,13.834443,17.955077,17.976091,0.000346,0.000346
NORAD56727,IRIDIUM 177,48,150,False,evaluated,2534,2444,90,3.5517,1261,475,708,stale_age_ridge,3.708054,3.682711,0.6835,closed,closed,closed,closed,closed,closed,3.361061,3.338136,-0.022925,-0.6821,0.6821,377,331,0,0.532486,-0.022925,-0.008288,-0.034138,-0.012002,0.090727,1.0,0.14242029,227,-0.039112,-0.006921,True,8.871555,8.846934,11.051912,11.008793,0.0,0.0
NORAD56727,IRIDIUM 177,48,500,False,evaluated,2534,2527,7,0.2762,1332,477,718,stale_age_ridge,3.841564,3.864109,-0.5869,closed,closed,closed,closed,closed,closed,4.050091,4.091281,0.04119,1.017,-1.017,324,394,0,0.451253,0.04119,0.084025,0.019242,0.061729,0.009974,1.0,0.01951435,229,0.008092,0.073007,True,10.894873,10.971608,13.68363,13.731201,0.0,0.0
NORAD56727,IRIDIUM 177,48,1500,True,evaluated,2534,2532,2,0.0789,1333,477,722,stale_age_ridge,3.841564,3.866884,-0.6591,closed,closed,closed,closed,closed,closed,5.115764,5.158718,0.042953,0.8396,-0.8396,327,395,0,0.452909,0.042953,0.085592,0.02076,0.064692,0.012596,1.0,0.02412,229,0.00926,0.076018,True,13.796237,13.874271,17.955077,18.004017,0.000346,0.000346
NORAD56727,IRIDIUM 177,48,3000,False,evaluated,2534,2533,1,0.0395,1334,477,722,stale_age_ridge,3.841564,3.888624,-1.225,closed,closed,closed,closed,closed,closed,5.115764,5.183666,0.067901,1.3273,-1.3273,303,419,0,0.419668,0.067901,0.118443,0.043856,0.092039,1.8e-05,0.003096,4.909e-05,229,0.031035,0.104053,True,13.796237,13.909432,17.955077,18.036218,0.000346,0.000346
NORAD56727,IRIDIUM 177,72,none,False,evaluated,2552,2552,0,0.0,1343,480,729,stale_age_ridge,7.474526,7.629468,-2.0729,closed,closed,closed,closed,closed,closed,9.957333,10.207206,0.249872,2.5094,-2.5094,320,409,0,0.438957,0.249872,0.206148,0.190084,0.307797,0.001103,0.172068,0.00258965,230,0.149374,0.352669,True,26.86643,27.051343,34.551047,34.721498,0.000686,0.000686
NORAD56727,IRIDIUM 177,72,150,False,evaluated,2552,2357,195,7.6411,1191,471,695,stale_age_ridge,6.615627,6.548491,1.0148,closed,closed,closed,closed,closed,closed,6.416075,6.361844,-0.054231,-0.8452,0.8452,425,270,0,0.611511,-0.054231,-0.044038,-0.06802,-0.040733,0.0,0.0,0.0,226,-0.074752,-0.035301,True,16.613889,16.512513,20.092076,19.984554,0.0,0.0
NORAD56727,IRIDIUM 177,72,500,False,evaluated,2552,2528,24,0.9404,1326,480,722,stale_age_ridge,7.474526,7.43753,0.495,closed,closed,closed,closed,closed,closed,8.276796,8.277138,0.000343,0.0041,-0.0041,370,352,0,0.512465,0.000343,-0.007439,-0.031069,0.032371,0.526975,1.0,0.64091554,230,-0.04831,0.049136,False,22.056333,21.990914,27.393585,27.306778,0.0,0.0
NORAD56727,IRIDIUM 177,72,1500,True,evaluated,2552,2543,9,0.3527,1334,480,729,stale_age_ridge,7.474526,7.443991,0.4085,closed,closed,closed,closed,closed,closed,9.957333,9.967465,0.010132,0.1018,-0.1018,367,362,0,0.503429,0.010132,-0.009325,-0.022475,0.042587,0.882239,1.0,0.92327337,230,-0.042948,0.06364,False,26.86643,26.804213,34.551047,34.467676,0.000686,0.000686
NORAD56727,IRIDIUM 177,72,3000,False,evaluated,2552,2548,4,0.1567,1339,480,729,stale_age_ridge,7.474526,7.522294,-0.6391,closed,closed,closed,closed,closed,closed,9.957333,10.061545,0.104212,1.0466,-1.0466,339,390,0,0.465021,0.104212,0.08435,0.061491,0.145784,0.063973,1.0,0.10101,230,0.031874,0.175177,True,26.86643,26.903066,34.551047,34.563328,0.000686,0.000686
NORAD56727,IRIDIUM 177,96,none,False,evaluated,2601,2601,0,0.0,1373,496,732,stale_age_ridge,13.459444,13.51151,-0.3868,closed,closed,closed,closed,closed,closed,16.28023,16.620825,0.340595,2.0921,-2.0921,350,382,0,0.478142,0.340595,0.145001,0.220788,0.456601,0.251864,1.0,0.34519431,232,0.145573,0.533161,True,44.266147,44.400732,57.65186,57.700495,0.001195,0.001138
NORAD56727,IRIDIUM 177,96,150,False,evaluated,2601,2206,395,15.1865,1093,458,655,ridge,10.090337,9.926962,1.6191,closed,closed,open,open,closed,closed,8.680793,10.306453,1.625659,18.7271,-18.7271,255,400,0,0.389313,1.625659,4.088882,1.148725,2.089959,0.0,0.0,0.0,223,0.83376,2.40704,True,22.235245,23.947773,26.600842,27.802633,0.0,0.0
NORAD56727,IRIDIUM 177,96,500,False,evaluated,2601,2526,75,2.8835,1315,493,718,stale_age_ridge,12.853174,12.667604,1.4438,closed,closed,closed,closed,closed,closed,13.58467,13.474247,-0.110423,-0.8128,0.8128,429,289,0,0.597493,-0.110423,-0.172335,-0.148678,-0.07176,0.0,0.0,0.0,231,-0.167003,-0.05005,True,36.496241,36.242568,45.114258,44.82911,0.0,0.0
NORAD56727,IRIDIUM 177,96,1500,True,evaluated,2601,2584,17,0.6536,1356,496,732,stale_age_ridge,13.459444,13.259391,1.4863,closed,closed,closed,closed,closed,closed,16.28023,16.195898,-0.084332,-0.518,0.518,430,302,0,0.587432,-0.084332,-0.185958,-0.138288,-0.030665,3e-06,0.000531,8.62e-06,232,-0.16861,0.003187,False,44.266147,44.023508,57.65186,57.368506,0.001195,0.001138
NORAD56727,IRIDIUM 177,96,3000,False,evaluated,2601,2591,10,0.3845,1363,496,732,stale_age_ridge,13.459444,13.296801,1.2084,closed,closed,closed,closed,closed,closed,16.28023,16.261386,-0.018844,-0.1157,0.1157,407,325,0,0.556011,-0.018844,-0.108562,-0.083233,0.046384,0.00273,0.40404,0.00599268,232,-0.12051,0.08602,False,44.266147,44.041823,57.65186,57.38137,0.001195,0.001138
NORAD56727,IRIDIUM 177,168,none,False,evaluated,2610,2610,0,0.0,1374,500,736,stale_age_ridge,37.346154,36.85861,1.3055,closed,closed,closed,closed,closed,closed,45.376151,45.40949,0.033339,0.0735,-0.0735,420,316,0,0.570652,0.033339,-1.12338,-0.321734,0.375651,0.000143,0.024024,0.00037485,232,-0.520744,0.606889,False,126.608211,124.82713,163.128207,161.103632,0.009681,0.009398
NORAD56727,IRIDIUM 177,168,150,False,evaluated,2610,1557,1053,40.3448,691,344,522,ridge,18.354929,14.985311,18.3581,open,open,open,open,closed,closed,16.252631,15.417639,-0.834993,-5.1376,5.1376,292,230,0,0.559387,-0.834993,-3.691,-1.592901,-0.094375,0.007528,1.0,0.01528241,195,-2.070053,0.377943,False,40.054125,36.670055,46.274525,42.300897,0.0,0.0
NORAD56727,IRIDIUM 177,168,500,False,evaluated,2610,2307,303,11.6092,1159,472,676,stale_age_ridge,31.602376,30.979983,1.9694,closed,closed,closed,closed,closed,closed,30.054625,30.703408,0.648783,2.1587,-2.1587,398,278,0,0.588757,0.648783,-1.073958,0.172452,1.097607,4e-06,0.000704,1.137e-05,225,-0.113106,1.42797,False,79.460393,78.801339,95.710436,94.749624,0.0,0.0
NORAD56727,IRIDIUM 177,168,1500,True,evaluated,2610,2547,63,2.4138,1318,499,730,stale_age_ridge,36.848041,36.099575,2.0312,closed,closed,closed,closed,closed,closed,41.025822,40.491675,-0.534147,-1.302,1.302,503,227,0,0.689041,-0.534147,-0.840237,-0.673329,-0.400592,0.0,0.0,0.0,232,-0.748728,-0.312966,True,111.924581,110.134189,144.473203,142.574253,0.006221,0.00605
NORAD56727,IRIDIUM 177,168,3000,False,evaluated,2610,2588,22,0.8429,1353,500,735,stale_age_ridge,37.346154,36.503881,2.2553,closed,closed,closed,closed,closed,closed,44.18433,43.630829,-0.553501,-1.2527,1.2527,507,228,0,0.689796,-0.553501,-0.996402,-0.729043,-0.366817,0.0,0.0,0.0,232,-0.822792,-0.271019,True,121.019463,119.062984,156.333969,154.242441,0.008787,0.008617
NORAD61594,ONEWEB-0015,8,none,False,evaluated,1334,1334,0,0.0,630,373,331,stale_age_ridge,0.56699,1.045452,-84.3863,closed,closed,closed,closed,closed,closed,0.488377,1.028416,0.540038,110.5781,-110.5781,23,308,0,0.069486,0.540038,0.58224,0.510452,0.570872,0.0,0.0,0.0,116,0.503629,0.575808,True,1.292079,2.14802,1.748542,2.611774,0.0,0.0
NORAD61594,ONEWEB-0015,8,150,False,evaluated,1334,1270,64,4.7976,566,373,331,stale_age_ridge,0.56699,0.626737,-10.5375,closed,closed,closed,closed,closed,closed,0.488377,0.592086,0.103709,21.2354,-21.2354,64,267,0,0.193353,0.103709,0.122136,0.090137,0.116963,0.0,0.0,0.0,116,0.088804,0.11817,True,1.292079,1.406264,1.748542,1.858044,0.0,0.0
NORAD61594,ONEWEB-0015,8,500,False,evaluated,1334,1310,24,1.7991,606,373,331,stale_age_ridge,0.56699,0.915853,-61.529,closed,closed,closed,closed,closed,closed,0.488377,0.876685,0.388307,79.5097,-79.5097,27,304,0,0.081571,0.388307,0.429371,0.361405,0.415573,0.0,0.0,0.0,116,0.355978,0.420277,True,1.292079,1.838158,1.748542,2.283325,0.0,0.0
NORAD61594,ONEWEB-0015,8,1500,True,evaluated,1334,1331,3,0.2249,627,373,331,stale_age_ridge,0.56699,0.899166,-58.5858,closed,closed,closed,closed,closed,closed,0.488377,0.884867,0.39649,81.1851,-81.1851,29,302,0,0.087613,0.39649,0.456778,0.369426,0.423713,0.0,0.0,0.0,116,0.364355,0.428164,True,1.292079,1.89926,1.748542,2.356378,0.0,0.0
NORAD61594,ONEWEB-0015,8,3000,False,evaluated,1334,1334,0,0.0,630,373,331,stale_age_ridge,0.56699,1.045452,-84.3863,closed,closed,closed,closed,closed,closed,0.488377,1.028416,0.540038,110.5781,-110.5781,23,308,0,0.069486,0.540038,0.58224,0.510452,0.570872,0.0,0.0,0.0,116,0.503629,0.575808,True,1.292079,2.14802,1.748542,2.611774,0.0,0.0
NORAD61594,ONEWEB-0015,24,none,False,evaluated,1651,1651,0,0.0,838,416,397,stale_age_ridge,1.085374,2.029293,-86.9671,closed,closed,closed,closed,closed,closed,1.052899,2.026997,0.974098,92.5158,-92.5158,30,367,0,0.075567,0.974098,0.969858,0.910795,1.037714,0.0,0.0,0.0,123,0.894477,1.05193,True,2.830601,3.828309,3.722226,4.637695,0.0,0.0
NORAD61594,ONEWEB-0015,24,150,False,evaluated,1651,1525,126,7.6317,712,416,397,stale_age_ridge,1.085374,1.087059,-0.1552,closed,closed,closed,closed,closed,closed,1.052899,1.05707,0.004171,0.3961,-0.3961,190,207,0,0.478589,0.004171,0.00716,-0.000552,0.008887,0.422,1.0,0.52995349,123,-0.003137,0.011029,False,2.830601,2.837134,3.722226,3.727728,0.0,0.0
NORAD61594,ONEWEB-0015,24,500,False,evaluated,1651,1562,89,5.3907,749,416,397,stale_age_ridge,1.085374,1.122603,-3.43,closed,closed,closed,closed,closed,closed,1.052899,1.096606,0.043707,4.1511,-4.1511,162,235,0,0.40806,0.043707,0.042876,0.032178,0.055121,0.000291,0.048597,0.00075548,123,0.028305,0.059379,True,2.830601,2.86414,3.722226,3.75114,0.0,0.0
NORAD61594,ONEWEB-0015,24,1500,True,evaluated,1651,1604,47,2.8468,791,416,397,linear_bias_rate,1.085374,2.411641,-122.1945,closed,closed,closed,closed,closed,closed,1.052899,2.340346,1.287447,122.2765,-122.2765,17,380,0,0.042821,1.287447,1.365075,1.235136,1.337761,0.0,0.0,0.0,123,1.215148,1.358816,True,2.830601,4.171194,3.722226,4.944055,0.0,0.0
NORAD61594,ONEWEB-0015,24,3000,False,evaluated,1651,1622,29,1.7565,809,416,397,linear_bias_rate,1.085374,3.077757,-183.5665,closed,closed,closed,closed,closed,closed,1.052899,2.995683,1.942784,184.5176,-184.5176,9,388,0,0.02267,1.942784,2.049733,1.879471,2.003361,0.0,0.0,0.0,123,1.857401,2.026047,True,2.830601,4.858204,3.722226,5.589914,0.0,0.0
NORAD61594,ONEWEB-0015,48,none,False,evaluated,1664,1664,0,0.0,843,421,400,linear_bias_rate,2.001634,6.520533,-225.7605,closed,closed,closed,closed,closed,closed,1.954724,6.297169,4.342445,222.1514,-222.1514,9,391,0,0.0225,4.342445,4.60361,4.188758,4.500039,0.0,0.0,0.0,126,4.101029,4.565976,True,5.199854,9.732589,6.733572,10.991486,0.0,0.0
NORAD61594,ONEWEB-0015,48,150,False,evaluated,1664,1438,226,13.5817,620,419,399,stale_age_ridge,1.761558,1.749694,0.6735,closed,closed,closed,closed,closed,closed,1.890534,1.878479,-0.012055,-0.6377,0.6377,223,176,0,0.558897,-0.012055,-0.01094,-0.025192,0.001192,0.021169,1.0,0.03785185,126,-0.030368,0.006356,False,4.99969,4.996493,6.388532,6.382476,0.0,0.0
NORAD61594,ONEWEB-0015,48,500,False,evaluated,1664,1513,151,9.0745,692,421,400,stale_age_ridge,2.001634,1.995645,0.2992,closed,closed,closed,closed,closed,closed,1.954724,1.951619,-0.003104,-0.1588,0.1588,206,194,0,0.515,-0.003104,-0.007377,-0.010455,0.004135,0.582374,1.0,0.66841932,126,-0.013165,0.006829,False,5.199854,5.197831,6.733572,6.729881,0.0,0.0
NORAD61594,ONEWEB-0015,48,1500,True,evaluated,1664,1557,107,6.4303,736,421,400,stale_age_ridge,2.001634,2.278222,-13.8181,closed,closed,closed,closed,closed,closed,1.954724,2.276525,0.321801,16.4628,-16.4628,107,293,0,0.2675,0.321801,0.139413,0.262067,0.38225,0.0,0.0,0.0,126,0.249684,0.399727,True,5.199854,5.594495,6.733572,7.115334,0.0,0.0
NORAD61594,ONEWEB-0015,48,3000,False,evaluated,1664,1582,82,4.9279,761,421,400,linear_bias_rate,2.001634,3.826251,-91.1564,closed,closed,closed,closed,closed,closed,1.954724,3.694936,1.740212,89.026,-89.026,23,377,0,0.0575,1.740212,1.872026,1.650503,1.837715,0.0,0.0,0.0,126,1.598599,1.878771,True,5.199854,7.092935,6.733572,8.487882,0.0,0.0
NORAD61594,ONEWEB-0015,72,none,False,evaluated,1656,1656,0,0.0,840,418,398,linear_bias_rate,2.390593,8.349638,-249.2706,closed,closed,closed,closed,closed,closed,2.428928,8.755467,6.326539,260.4663,-260.4663,22,376,0,0.055276,6.326539,4.845473,5.831626,6.814506,0.0,0.0,0.0,125,5.80866,6.869067,True,6.419694,13.237844,8.210994,14.784353,0.0,0.0
NORAD61594,ONEWEB-0015,72,150,False,evaluated,1656,1373,283,17.0894,559,416,398,linear_bias_rate,2.091714,2.093497,-0.0852,closed,closed,closed,closed,closed,closed,2.428928,2.429453,0.000525,0.0216,-0.0216,186,212,0,0.467337,0.000525,0.004369,-0.001407,0.002525,0.210102,1.0,0.2936932,125,-0.002365,0.00343,False,6.419694,6.417114,8.210994,8.208751,0.0,0.0
NORAD61594,ONEWEB-0015,72,500,False,evaluated,1656,1453,203,12.2585,638,417,398,stale_age_ridge,2.163416,2.194488,-1.4363,closed,closed,closed,closed,closed,closed,2.428928,2.464855,0.035927,1.4791,-1.4791,178,220,0,0.447236,0.035927,0.067798,0.017573,0.053929,0.039731,1.0,0.06694658,125,0.009069,0.062322,True,6.419694,6.486586,8.210994,8.27138,0.0,0.0
NORAD61594,ONEWEB-0015,72,1500,True,evaluated,1656,1502,154,9.2995,686,418,398,linear_bias_rate,2.390593,2.414566,-1.0028,closed,closed,closed,closed,closed,closed,2.428928,2.455486,0.026558,1.0934,-1.0934,187,211,0,0.469849,0.026558,0.048145,0.014211,0.038971,0.248925,1.0,0.34290689,125,0.008059,0.044455,True,6.419694,6.470061,8.210994,8.257677,0.0,0.0
NORAD61594,ONEWEB-0015,72,3000,False,evaluated,1656,1531,125,7.5483,715,418,398,linear_bias_rate,2.390593,2.678746,-12.0536,closed,closed,closed,closed,closed,closed,2.428928,2.652963,0.224035,9.2236,-9.2236,117,281,0,0.29397,0.224035,0.190233,0.18624,0.262169,0.0,0.0,0.0,125,0.166574,0.281309,True,6.419694,6.629233,8.210994,8.389397,0.0,0.0
NORAD61594,ONEWEB-0015,96,none,False,evaluated,1680,1680,0,0.0,856,420,404,linear_bias_rate,2.667518,10.390088,-289.5039,closed,closed,closed,closed,closed,closed,3.27862,10.629229,7.350609,224.1982,-224.1982,24,380,0,0.059406,7.350609,6.870874,6.788849,7.946495,0.0,0.0,0.0,127,6.654308,8.131892,True,8.638962,16.460764,10.77105,18.13103,0.0,0.0
NORAD61594,ONEWEB-0015,96,150,False,evaluated,1680,1354,326,19.4048,538,416,400,linear_bias_rate,2.050872,2.052558,-0.0822,closed,closed,closed,closed,closed,closed,2.799585,2.801851,0.002266,0.0809,-0.0809,169,231,0,0.4225,0.002266,0.005716,-0.000495,0.004959,0.002248,0.339448,0.005058,127,-0.001333,0.006009,False,7.38287,7.37529,9.152804,9.145927,0.0,0.0
NORAD61594,ONEWEB-0015,96,500,False,evaluated,1680,1427,253,15.0595,604,419,404,stale_age_ridge,2.330997,2.328405,0.1112,closed,closed,closed,closed,closed,closed,3.27862,3.273007,-0.005613,-0.1712,0.1712,248,156,0,0.613861,-0.005613,-0.013028,-0.012764,0.00199,5e-06,0.000875,1.406e-05,127,-0.012988,0.003255,False,8.638962,8.623081,10.77105,10.755168,0.0,0.0
NORAD61594,ONEWEB-0015,96,1500,True,evaluated,1680,1492,188,11.1905,668,420,404,stale_age_ridge,2.667518,2.660379,0.2676,closed,closed,closed,closed,closed,closed,3.27862,3.265702,-0.012918,-0.394,0.394,227,177,0,0.561881,-0.012918,-0.022475,-0.030745,0.004631,0.014673,1.0,0.02676831,127,-0.038071,0.012301,False,8.638962,8.667323,10.77105,10.796729,0.0,0.0
NORAD61594,ONEWEB-0015,96,3000,False,evaluated,1680,1522,158,9.4048,698,420,404,stale_age_ridge,2.667518,2.880333,-7.978,closed,closed,closed,closed,closed,closed,3.27862,3.472877,0.194257,5.925,-5.925,113,291,0,0.279703,0.194257,0.143813,0.152966,0.235234,0.0,0.0,0.0,127,0.14624,0.249804,True,8.638962,8.901292,10.77105,11.018869,0.0,0.0
NORAD61594,ONEWEB-0015,168,none,False,evaluated,1677,1677,0,0.0,852,421,404,stale_age_ridge,5.056065,13.237446,-161.8132,closed,closed,closed,closed,closed,closed,8.84915,16.74468,7.89553,89.2236,-89.2236,55,349,0,0.136139,7.89553,6.505404,7.120166,8.690614,0.0,0.0,0.0,127,6.837977,8.917416,True,23.124395,32.000344,29.542103,37.83602,0.000309,0.000309
NORAD61594,ONEWEB-0015,168,150,False,evaluated,1677,1262,415,24.7466,455,413,394,linear_bias_rate,4.568471,4.56715,0.0289,closed,closed,closed,closed,closed,closed,7.088684,7.089253,0.00057,0.008,-0.008,171,223,0,0.43401,0.00057,0.004895,-0.001384,0.002514,0.010099,1.0,0.01961676,126,-0.002448,0.003569,False,18.325809,18.320597,23.049225,23.043528,0.0,0.0
NORAD61594,ONEWEB-0015,168,500,False,evaluated,1677,1346,331,19.7376,522,421,403,linear_bias_rate,5.056065,5.061454,-0.1066,closed,closed,closed,closed,closed,closed,8.263608,8.271335,0.007727,0.0935,-0.0935,186,217,0,0.461538,0.007727,0.004965,0.001673,0.013843,0.13497,1.0,0.202455,127,-0.000846,0.015655,False,21.408905,21.384512,27.03792,27.012084,0.0,0.0
NORAD61594,ONEWEB-0015,168,1500,True,evaluated,1677,1393,284,16.935,568,421,404,linear_bias_rate,5.056065,5.074444,-0.3635,closed,closed,closed,closed,closed,closed,8.84915,8.860425,0.011276,0.1274,-0.1274,223,181,0,0.55198,0.011276,-0.013971,-4.3e-05,0.023524,0.041235,1.0,0.068725,127,-0.004237,0.029154,False,23.124395,23.141986,29.542103,29.559652,0.000309,0.000309
NORAD61594,ONEWEB-0015,168,3000,False,evaluated,1677,1436,241,14.3709,611,421,404,stale_age_ridge,5.056065,5.199011,-2.8272,closed,closed,closed,closed,closed,closed,8.84915,8.934623,0.085473,0.9659,-0.9659,208,196,0,0.514851,0.085473,-0.064866,0.024914,0.145736,0.584248,1.0,0.66841932,127,0.0017,0.181039,True,23.124395,23.293831,29.542103,29.694404,0.000309,0.000309
NORAD66514,SENTINEL-6B,8,none,False,evaluated,487,487,0,0.0,290,119,78,linear_bias_rate,0.045403,0.050174,-10.5081,closed,closed,closed,closed,closed,closed,0.041419,0.046695,0.005276,12.7371,-12.7371,23,55,0,0.294872,0.005276,0.005063,0.003443,0.007177,0.000378,0.061992,0.00091946,37,0.00309,0.007482,True,0.116859,0.119098,0.135416,0.136472,0.0,0.0
NORAD66514,SENTINEL-6B,8,150,False,evaluated,487,487,0,0.0,290,119,78,linear_bias_rate,0.045403,0.050174,-10.5081,closed,closed,closed,closed,closed,closed,0.041419,0.046695,0.005276,12.7371,-12.7371,23,55,0,0.294872,0.005276,0.005063,0.003443,0.007177,0.000378,0.061992,0.00091946,37,0.00309,0.007482,True,0.116859,0.119098,0.135416,0.136472,0.0,0.0
NORAD66514,SENTINEL-6B,8,500,False,evaluated,487,487,0,0.0,290,119,78,linear_bias_rate,0.045403,0.050174,-10.5081,closed,closed,closed,closed,closed,closed,0.041419,0.046695,0.005276,12.7371,-12.7371,23,55,0,0.294872,0.005276,0.005063,0.003443,0.007177,0.000378,0.061992,0.00091946,37,0.00309,0.007482,True,0.116859,0.119098,0.135416,0.136472,0.0,0.0
NORAD66514,SENTINEL-6B,8,1500,True,evaluated,487,487,0,0.0,290,119,78,linear_bias_rate,0.045403,0.050174,-10.5081,closed,closed,closed,closed,closed,closed,0.041419,0.046695,0.005276,12.7371,-12.7371,23,55,0,0.294872,0.005276,0.005063,0.003443,0.007177,0.000378,0.061992,0.00091946,37,0.00309,0.007482,True,0.116859,0.119098,0.135416,0.136472,0.0,0.0
NORAD66514,SENTINEL-6B,8,3000,False,evaluated,487,487,0,0.0,290,119,78,linear_bias_rate,0.045403,0.050174,-10.5081,closed,closed,closed,closed,closed,closed,0.041419,0.046695,0.005276,12.7371,-12.7371,23,55,0,0.294872,0.005276,0.005063,0.003443,0.007177,0.000378,0.061992,0.00091946,37,0.00309,0.007482,True,0.116859,0.119098,0.135416,0.136472,0.0,0.0
NORAD66514,SENTINEL-6B,24,none,False,evaluated,689,689,0,0.0,402,161,126,linear_bias_rate,0.143756,0.152887,-6.3516,closed,closed,closed,closed,closed,closed,0.115621,0.125032,0.009411,8.14,-8.14,31,95,0,0.246032,0.009411,0.005299,0.006713,0.01245,0.0,0.0,0.0,46,0.005698,0.013281,True,0.338164,0.329225,0.39321,0.384734,0.0,0.0
NORAD66514,SENTINEL-6B,24,150,False,evaluated,689,688,1,0.1451,401,161,126,linear_bias_rate,0.143756,0.166915,-16.11,closed,closed,closed,closed,closed,closed,0.115621,0.14089,0.025269,21.8551,-21.8551,13,113,0,0.103175,0.025269,0.015271,0.01967,0.031361,0.0,0.0,0.0,46,0.017906,0.032816,True,0.338164,0.338273,0.39321,0.391868,0.0,0.0
NORAD66514,SENTINEL-6B,24,500,False,evaluated,689,689,0,0.0,402,161,126,linear_bias_rate,0.143756,0.152887,-6.3516,closed,closed,closed,closed,closed,closed,0.115621,0.125032,0.009411,8.14,-8.14,31,95,0,0.246032,0.009411,0.005299,0.006713,0.01245,0.0,0.0,0.0,46,0.005698,0.013281,True,0.338164,0.329225,0.39321,0.384734,0.0,0.0
NORAD66514,SENTINEL-6B,24,1500,True,evaluated,689,689,0,0.0,402,161,126,linear_bias_rate,0.143756,0.152887,-6.3516,closed,closed,closed,closed,closed,closed,0.115621,0.125032,0.009411,8.14,-8.14,31,95,0,0.246032,0.009411,0.005299,0.006713,0.01245,0.0,0.0,0.0,46,0.005698,0.013281,True,0.338164,0.329225,0.39321,0.384734,0.0,0.0
NORAD66514,SENTINEL-6B,24,3000,False,evaluated,689,689,0,0.0,402,161,126,linear_bias_rate,0.143756,0.152887,-6.3516,closed,closed,closed,closed,closed,closed,0.115621,0.125032,0.009411,8.14,-8.14,31,95,0,0.246032,0.009411,0.005299,0.006713,0.01245,0.0,0.0,0.0,46,0.005698,0.013281,True,0.338164,0.329225,0.39321,0.384734,0.0,0.0
NORAD66514,SENTINEL-6B,48,none,False,evaluated,687,687,0,0.0,395,163,129,linear_bias_rate,0.292191,0.313504,-7.2941,closed,closed,closed,closed,closed,closed,0.22246,0.248562,0.026102,11.7336,-11.7336,28,101,0,0.217054,0.026102,0.016087,0.019968,0.032442,0.0,0.0,0.0,47,0.01757,0.034625,True,0.642011,0.613951,0.740964,0.701516,0.0,0.0
NORAD66514,SENTINEL-6B,48,150,False,evaluated,687,684,3,0.4367,392,163,129,linear_bias_rate,0.292191,0.331417,-13.4248,closed,closed,closed,closed,closed,closed,0.22246,0.269047,0.046587,20.9419,-20.9419,10,119,0,0.077519,0.046587,0.049495,0.040625,0.051928,0.0,0.0,0.0,47,0.039528,0.05283,True,0.642011,0.604226,0.740964,0.692557,0.0,0.0
NORAD66514,SENTINEL-6B,48,500,False,evaluated,687,687,0,0.0,395,163,129,linear_bias_rate,0.292191,0.313504,-7.2941,closed,closed,closed,closed,closed,closed,0.22246,0.248562,0.026102,11.7336,-11.7336,28,101,0,0.217054,0.026102,0.016087,0.019968,0.032442,0.0,0.0,0.0,47,0.01757,0.034625,True,0.642011,0.613951,0.740964,0.701516,0.0,0.0
NORAD66514,SENTINEL-6B,48,1500,True,evaluated,687,687,0,0.0,395,163,129,linear_bias_rate,0.292191,0.313504,-7.2941,closed,closed,closed,closed,closed,closed,0.22246,0.248562,0.026102,11.7336,-11.7336,28,101,0,0.217054,0.026102,0.016087,0.019968,0.032442,0.0,0.0,0.0,47,0.01757,0.034625,True,0.642011,0.613951,0.740964,0.701516,0.0,0.0
NORAD66514,SENTINEL-6B,48,3000,False,evaluated,687,687,0,0.0,395,163,129,linear_bias_rate,0.292191,0.313504,-7.2941,closed,closed,closed,closed,closed,closed,0.22246,0.248562,0.026102,11.7336,-11.7336,28,101,0,0.217054,0.026102,0.016087,0.019968,0.032442,0.0,0.0,0.0,47,0.01757,0.034625,True,0.642011,0.613951,0.740964,0.701516,0.0,0.0
NORAD66514,SENTINEL-6B,72,none,False,evaluated,688,688,0,0.0,398,163,127,linear_bias_rate,0.451209,12.825768,-2742.5326,closed,closed,closed,closed,closed,closed,0.325852,14.723617,14.397766,4418.5053,-4418.5053,0,127,0,0.0,14.397766,8.069763,12.515254,16.408736,0.0,0.0,0.0,46,12.310274,16.51714,True,0.959541,17.01067,1.08834,17.222125,0.0,0.0
NORAD66514,SENTINEL-6B,72,150,False,evaluated,688,678,10,1.4535,388,163,127,linear_bias_rate,0.451209,0.503131,-11.5073,closed,closed,closed,closed,closed,closed,0.325852,0.388446,0.062595,19.2096,-19.2096,10,117,0,0.07874,0.062595,0.052683,0.054844,0.070608,0.0,0.0,0.0,46,0.053818,0.07124,True,0.959541,0.904132,1.08834,1.012645,0.0,0.0
NORAD66514,SENTINEL-6B,72,500,False,evaluated,688,679,9,1.3081,389,163,127,linear_bias_rate,0.451209,0.492134,-9.07,closed,closed,closed,closed,closed,closed,0.325852,0.382078,0.056227,17.2553,-17.2553,15,112,0,0.11811,0.056227,0.055485,0.049194,0.063652,0.0,0.0,0.0,46,0.047996,0.063326,True,0.959541,0.895872,1.08834,1.000312,0.0,0.0
NORAD66514,SENTINEL-6B,72,1500,True,evaluated,688,680,8,1.1628,390,163,127,linear_bias_rate,0.451209,0.482681,-6.9751,closed,closed,closed,closed,closed,closed,0.325852,0.373073,0.047221,14.4916,-14.4916,18,109,0,0.141732,0.047221,0.037933,0.039439,0.055545,0.0,0.0,0.0,46,0.037508,0.055978,True,0.959541,0.907549,1.08834,1.012971,0.0,0.0
NORAD66514,SENTINEL-6B,72,3000,False,evaluated,688,681,7,1.0174,391,163,127,stale_age_ridge,0.451209,0.993959,-120.2878,closed,closed,closed,closed,closed,closed,0.325852,1.030788,0.704936,216.3367,-216.3367,9,118,0,0.070866,0.704936,0.406675,0.55752,0.858042,0.0,0.0,0.0,46,0.546812,0.867284,True,0.959541,1.788571,1.08834,1.925115,0.0,0.0
NORAD66514,SENTINEL-6B,96,none,False,evaluated,698,698,0,0.0,404,163,131,stale_age_ridge,0.612175,9.452523,-1444.0889,closed,closed,closed,closed,closed,closed,0.437529,10.835161,10.397631,2376.4416,-2376.4416,0,131,0,0.0,10.397631,8.060933,9.451888,11.457726,0.0,0.0,0.0,49,9.314464,11.715077,True,1.285116,19.041368,1.457956,19.640507,0.0,0.0
NORAD66514,SENTINEL-6B,96,150,False,evaluated,698,682,16,2.2923,388,163,131,linear_bias_rate,0.612175,0.670683,-9.5575,closed,closed,closed,closed,closed,closed,0.437529,0.516895,0.079366,18.1396,-18.1396,15,116,0,0.114504,0.079366,0.066658,0.067066,0.092725,0.0,0.0,0.0,49,0.066669,0.093703,True,1.285116,1.202827,1.457956,1.346108,0.0,0.0
NORAD66514,SENTINEL-6B,96,500,False,evaluated,698,683,15,2.149,389,163,131,linear_bias_rate,0.612175,0.666582,-8.8876,closed,closed,closed,closed,closed,closed,0.437529,0.523031,0.085501,19.5418,-19.5418,17,114,0,0.129771,0.085501,0.04946,0.067458,0.105818,0.0,0.0,0.0,49,0.063246,0.110293,True,1.285116,1.233876,1.457956,1.377397,0.0,0.0
NORAD66514,SENTINEL-6B,96,1500,True,evaluated,698,684,14,2.0057,390,163,131,linear_bias_rate,0.612175,0.683088,-11.5839,closed,closed,closed,closed,closed,closed,0.437529,0.571663,0.134134,30.6571,-30.6571,6,125,0,0.045802,0.134134,0.04999,0.100867,0.173693,0.0,0.0,0.0,49,0.089347,0.185951,True,1.285116,1.342481,1.457956,1.492801,0.0,0.0
NORAD66514,SENTINEL-6B,96,3000,False,evaluated,698,686,12,1.7192,392,163,131,stale_age_ridge,0.612175,0.74529,-21.7446,closed,closed,closed,closed,closed,closed,0.437529,0.617069,0.17954,41.0349,-41.0349,2,129,0,0.015267,0.17954,0.165434,0.157917,0.202228,0.0,0.0,0.0,49,0.159614,0.200839,True,1.285116,1.634742,1.457956,1.817507,0.0,0.0
NORAD66514,SENTINEL-6B,168,none,False,evaluated,686,686,0,0.0,389,163,134,stale_age_ridge,1.300264,7.519027,-478.2693,closed,closed,closed,closed,closed,closed,0.778237,7.837162,7.058925,907.0403,-907.0403,0,134,0,0.0,7.058925,6.237098,6.576396,7.60393,0.0,0.0,0.0,49,6.489966,7.859658,True,2.220821,15.503099,2.588541,16.391891,0.0,0.0
NORAD66514,SENTINEL-6B,168,150,False,evaluated,686,660,26,3.7901,363,163,134,linear_bias_rate,1.300264,1.330194,-2.3018,closed,closed,closed,closed,closed,closed,0.778237,0.805763,0.027526,3.5369,-3.5369,47,87,0,0.350746,0.027526,0.037536,0.015394,0.039307,0.000695,0.10981,0.00166062,49,0.011279,0.042683,True,2.220821,2.125614,2.588541,2.51173,0.0,0.0
NORAD66514,SENTINEL-6B,168,500,False,evaluated,686,669,17,2.4781,372,163,134,linear_bias_rate,1.300264,1.363375,-4.8538,closed,closed,closed,closed,closed,closed,0.778237,0.857574,0.079337,10.1944,-10.1944,37,97,0,0.276119,0.079337,0.063265,0.058364,0.100545,0.0,0.0,0.0,49,0.057002,0.101059,True,2.220821,2.161195,2.588541,2.547744,0.0,0.0
NORAD66514,SENTINEL-6B,168,1500,True,evaluated,686,670,16,2.3324,373,163,134,linear_bias_rate,1.300264,1.410429,-8.4725,closed,closed,closed,closed,closed,closed,0.778237,0.943554,0.165317,21.2425,-21.2425,25,109,0,0.186567,0.165317,0.128278,0.129832,0.200768,0.0,0.0,0.0,49,0.131309,0.200535,True,2.220821,2.227594,2.588541,2.623288,0.0,0.0
NORAD66514,SENTINEL-6B,168,3000,False,evaluated,686,673,13,1.895,376,163,134,stale_age_ridge,1.300264,1.530139,-17.6791,closed,closed,closed,closed,closed,closed,0.778237,1.201246,0.423009,54.3548,-54.3548,13,121,0,0.097015,0.423009,0.23396,0.323629,0.533664,0.0,0.0,0.0,49,0.302429,0.589618,True,2.220821,2.830922,2.588541,3.192911,0.0,0.0
NORAD66704,FLOCK 4H 1,8,none,False,evaluated,453,453,0,0.0,276,105,72,stale_age_ridge,0.241628,0.256247,-6.05,closed,closed,closed,closed,closed,closed,0.23766,0.256004,0.018344,7.7186,-7.7186,22,50,0,0.305556,0.018344,0.014606,0.01116,0.025142,0.001294,0.20057,0.00298615,33,0.009125,0.02732,True,0.678661,0.711209,1.03378,1.066195,0.0,0.0
NORAD66704,FLOCK 4H 1,8,150,False,evaluated,453,450,3,0.6623,273,105,72,stale_age_ridge,0.241628,0.245181,-1.4705,closed,closed,closed,closed,closed,closed,0.23766,0.242498,0.004838,2.0358,-2.0358,27,45,0,0.375,0.004838,0.003061,-0.000434,0.009862,0.044371,1.0,0.07304982,33,-0.002447,0.011562,False,0.678661,0.70222,1.03378,1.058243,0.0,0.0
NORAD66704,FLOCK 4H 1,8,500,False,evaluated,453,451,2,0.4415,274,105,72,stale_age_ridge,0.241628,0.258562,-7.0082,closed,closed,closed,closed,closed,closed,0.23766,0.259905,0.022245,9.36,-9.36,25,47,0,0.347222,0.022245,0.018943,0.011591,0.032618,0.012775,1.0,0.02429049,33,0.00725,0.035992,True,0.678661,0.730735,1.03378,1.085629,0.0,0.0
NORAD66704,FLOCK 4H 1,8,1500,True,evaluated,453,452,1,0.2208,275,105,72,stale_age_ridge,0.241628,0.26576,-9.9872,closed,closed,closed,closed,closed,closed,0.23766,0.272037,0.034377,14.4646,-14.4646,21,51,0,0.291667,0.034377,0.029345,0.024503,0.043975,0.000535,0.085065,0.00128973,33,0.020937,0.046813,True,0.678661,0.725401,1.03378,1.079177,0.0,0.0
NORAD66704,FLOCK 4H 1,8,3000,False,evaluated,453,453,0,0.0,276,105,72,stale_age_ridge,0.241628,0.256247,-6.05,closed,closed,closed,closed,closed,closed,0.23766,0.256004,0.018344,7.7186,-7.7186,22,50,0,0.305556,0.018344,0.014606,0.01116,0.025142,0.001294,0.20057,0.00298615,33,0.009125,0.02732,True,0.678661,0.711209,1.03378,1.066195,0.0,0.0
NORAD66704,FLOCK 4H 1,24,none,False,evaluated,581,581,0,0.0,357,125,99,stale_age_ridge,0.760135,0.775872,-2.0703,closed,closed,closed,closed,closed,closed,0.883698,0.874451,-0.009247,-1.0464,1.0464,54,45,0,0.545455,-0.009247,-0.005329,-0.029827,0.010921,0.421523,1.0,0.52995349,40,-0.037371,0.019855,False,2.388986,2.413776,3.405874,3.420185,0.0,0.0
NORAD66704,FLOCK 4H 1,24,150,False,evaluated,581,571,10,1.7212,347,125,99,linear_bias_rate,0.760135,0.760979,-0.111,closed,closed,closed,closed,closed,closed,0.883698,0.881565,-0.002133,-0.2414,0.2414,63,36,0,0.636364,-0.002133,-0.000778,-0.00378,-0.000455,0.008634,1.0,0.017268,40,-0.003987,-0.000389,True,2.388986,2.392786,3.405874,3.409817,0.0,0.0
NORAD66704,FLOCK 4H 1,24,500,False,evaluated,581,576,5,0.8606,352,125,99,stale_age_ridge,0.760135,0.755804,0.5698,closed,closed,closed,closed,closed,closed,0.883698,0.871113,-0.012585,-1.4241,1.4241,65,34,0,0.656566,-0.012585,-0.021854,-0.018524,-0.006401,0.002395,0.35925,0.00534421,40,-0.020776,-0.003861,True,2.388986,2.394679,3.405874,3.412388,0.0,0.0
NORAD66704,FLOCK 4H 1,24,1500,True,evaluated,581,581,0,0.0,357,125,99,stale_age_ridge,0.760135,0.775872,-2.0703,closed,closed,closed,closed,closed,closed,0.883698,0.874451,-0.009247,-1.0464,1.0464,54,45,0,0.545455,-0.009247,-0.005329,-0.029827,0.010921,0.421523,1.0,0.52995349,40,-0.037371,0.019855,False,2.388986,2.413776,3.405874,3.420185,0.0,0.0
NORAD66704,FLOCK 4H 1,24,3000,False,evaluated,581,581,0,0.0,357,125,99,stale_age_ridge,0.760135,0.775872,-2.0703,closed,closed,closed,closed,closed,closed,0.883698,0.874451,-0.009247,-1.0464,1.0464,54,45,0,0.545455,-0.009247,-0.005329,-0.029827,0.010921,0.421523,1.0,0.52995349,40,-0.037371,0.019855,False,2.388986,2.413776,3.405874,3.420185,0.0,0.0
NORAD66704,FLOCK 4H 1,48,none,False,evaluated,598,598,0,0.0,365,128,105,stale_age_ridge,1.906867,1.949083,-2.2139,closed,closed,closed,closed,closed,closed,2.128672,2.140533,0.011861,0.5572,-0.5572,53,52,0,0.504762,0.011861,-0.000282,-0.037698,0.061888,1.0,1.0,1.0,40,-0.054701,0.082466,False,5.807978,5.811077,7.960019,7.903324,0.0,0.0
NORAD66704,FLOCK 4H 1,48,150,False,evaluated,598,590,8,1.3378,357,128,105,stale_age_ridge,1.906867,1.905218,0.0865,closed,closed,closed,closed,closed,closed,2.128672,2.120492,-0.00818,-0.3843,0.3843,56,49,0,0.533333,-0.00818,-0.002703,-0.017012,0.000608,0.558394,1.0,0.66125605,40,-0.019133,0.002664,False,5.807978,5.802215,7.960019,7.954359,0.0,0.0
NORAD66704,FLOCK 4H 1,48,500,False,evaluated,598,592,6,1.0033,359,128,105,stale_age_ridge,1.906867,1.896534,0.5419,closed,closed,closed,closed,closed,closed,2.128672,2.106103,-0.022569,-1.0602,1.0602,60,45,0,0.571429,-0.022569,-0.01884,-0.038849,-0.006078,0.171565,1.0,0.25312869,40,-0.043347,-0.001788,True,5.807978,5.782536,7.960019,7.933198,0.0,0.0
NORAD66704,FLOCK 4H 1,48,1500,True,evaluated,598,595,3,0.5017,362,128,105,stale_age_ridge,1.906867,1.943669,-1.93,closed,closed,closed,closed,closed,closed,2.128672,2.147719,0.019047,0.8948,-0.8948,50,55,0,0.47619,0.019047,0.003445,-0.005487,0.044793,0.696468,1.0,0.74621571,40,-0.006384,0.050718,False,5.807978,5.791485,7.960019,7.923211,0.0,0.0
NORAD66704,FLOCK 4H 1,48,3000,False,evaluated,598,596,2,0.3344,363,128,105,stale_age_ridge,1.906867,1.993937,-4.5662,closed,closed,closed,closed,closed,closed,2.128672,2.186058,0.057385,2.6958,-2.6958,48,57,0,0.457143,0.057385,0.012396,0.015131,0.103361,0.435114,1.0,0.5438925,40,0.010678,0.111764,True,5.807978,5.845683,7.960019,7.942118,0.0,0.0
NORAD66704,FLOCK 4H 1,72,none,False,evaluated,589,589,0,0.0,358,128,103,stale_age_ridge,4.075125,4.099411,-0.596,closed,closed,closed,closed,closed,closed,4.173529,4.217411,0.043883,1.0514,-1.0514,49,54,0,0.475728,0.043883,0.035659,-0.00462,0.094058,0.693686,1.0,0.7461961,40,-0.014161,0.099877,False,11.503069,11.527347,16.301634,16.309669,0.0,0.0
NORAD66704,FLOCK 4H 1,72,150,False,evaluated,589,568,21,3.5654,337,128,103,linear_bias_rate,4.075125,4.070276,0.119,closed,closed,closed,closed,closed,closed,4.173529,4.172696,-0.000832,-0.0199,0.0199,52,51,0,0.504854,-0.000832,-0.001831,-0.005021,0.003207,1.0,1.0,1.0,40,-0.007555,0.005745,False,11.503069,11.50433,16.301634,16.302759,0.0,0.0
NORAD66704,FLOCK 4H 1,72,500,False,evaluated,589,582,7,1.1885,351,128,103,linear_bias_rate,4.075125,4.069991,0.126,closed,closed,closed,closed,closed,closed,4.173529,4.172813,-0.000716,-0.0171,0.0171,52,51,0,0.504854,-0.000716,-0.003199,-0.005229,0.003667,1.0,1.0,1.0,40,-0.007972,0.006188,False,11.503069,11.503937,16.301634,16.30244,0.0,0.0
NORAD66704,FLOCK 4H 1,72,1500,True,evaluated,589,586,3,0.5093,355,128,103,linear_bias_rate,4.075125,4.068125,0.1718,closed,closed,closed,closed,closed,closed,4.173529,4.200975,0.027446,0.6576,-0.6576,55,48,0,0.533981,0.027446,-0.012836,-0.018698,0.075369,0.554601,1.0,0.65965758,40,-0.04088,0.098758,False,11.503069,11.573825,16.301634,16.365915,0.0,0.0
NORAD66704,FLOCK 4H 1,72,3000,False,evaluated,589,587,2,0.3396,356,128,103,linear_bias_rate,4.075125,4.085286,-0.2493,closed,closed,closed,closed,closed,closed,4.173529,4.174754,0.001226,0.0294,-0.0294,50,53,0,0.485437,0.001226,0.004925,-0.009171,0.011807,0.843898,1.0,0.88658545,40,-0.013458,0.017028,False,11.503069,11.5067,16.301634,16.305341,0.0,0.0
NORAD66704,FLOCK 4H 1,96,none,False,evaluated,600,600,0,0.0,365,128,107,stale_age_ridge,6.821142,6.976042,-2.2709,closed,closed,closed,closed,closed,closed,7.552705,7.694134,0.141429,1.8726,-1.8726,37,70,0,0.345794,0.141429,0.199993,0.068147,0.21236,0.00184,0.28152,0.00417479,42,0.06417,0.213594,True,20.770611,20.580778,29.397848,29.13658,0.0,0.0
NORAD66704,FLOCK 4H 1,96,150,False,evaluated,600,565,35,5.8333,331,128,106,stale_age_ridge,6.821142,6.810135,0.1614,closed,closed,closed,closed,closed,closed,7.450684,7.436232,-0.014452,-0.194,0.194,67,39,0,0.632075,-0.014452,-0.012352,-0.028393,8.8e-05,0.008417,1.0,0.01695963,42,-0.032702,0.005126,False,20.684742,20.638327,28.477378,28.43025,0.0,0.0
NORAD66704,FLOCK 4H 1,96,500,False,evaluated,600,591,9,1.5,356,128,107,linear_bias_rate,6.821142,6.815286,0.0858,closed,closed,closed,closed,closed,closed,7.552705,7.538402,-0.014303,-0.1894,0.1894,59,48,0,0.551402,-0.014303,-0.01375,-0.029349,0.001302,0.333705,1.0,0.44166838,42,-0.033284,0.004636,False,20.770611,20.813424,29.397848,29.441905,0.0,0.0
NORAD66704,FLOCK 4H 1,96,1500,True,evaluated,600,596,4,0.6667,361,128,107,linear_bias_rate,6.821142,6.841708,-0.3015,closed,closed,closed,closed,closed,closed,7.552705,7.607885,0.05518,0.7306,-0.7306,53,54,0,0.495327,0.05518,0.03085,-0.004591,0.113674,1.0,1.0,1.0,42,-0.016862,0.13579,False,20.770611,20.697864,29.397848,29.322585,0.0,0.0
NORAD66704,FLOCK 4H 1,96,3000,False,evaluated,600,597,3,0.5,362,128,107,linear_bias_rate,6.821142,6.837085,-0.2337,closed,closed,closed,closed,closed,closed,7.552705,7.596485,0.04378,0.5797,-0.5797,53,54,0,0.495327,0.04378,0.025903,-0.007104,0.094483,1.0,1.0,1.0,42,-0.019076,0.112045,False,20.770611,20.706541,29.397848,29.330688,0.0,0.0
NORAD66704,FLOCK 4H 1,168,none,False,evaluated,590,590,0,0.0,354,128,108,stale_age_ridge,25.549213,26.496649,-3.7083,closed,closed,closed,closed,closed,closed,22.841426,24.048987,1.207561,5.2867,-5.2867,45,63,0,0.416667,1.207561,1.073966,0.559819,1.824906,0.101433,1.0,0.15560744,42,0.322894,2.11342,True,63.737147,64.883076,88.262663,89.220023,0.000386,0.000386
NORAD66704,FLOCK 4H 1,168,150,False,evaluated,590,412,178,30.1695,225,96,91,stale_age_ridge,15.383139,15.287713,0.6203,closed,closed,closed,closed,closed,closed,16.100211,16.039776,-0.060435,-0.3754,0.3754,44,47,0,0.483516,-0.060435,0.06417,-0.1798,0.056793,0.834081,1.0,0.8796948,39,-0.225882,0.099293,False,45.600331,45.567024,56.732849,56.705569,0.0,0.0
NORAD66704,FLOCK 4H 1,168,500,False,evaluated,590,550,40,6.7797,316,127,107,stale_age_ridge,25.069272,25.040918,0.1131,closed,closed,closed,closed,closed,closed,22.160003,22.108323,-0.05168,-0.2332,0.2332,57,50,0,0.53271,-0.05168,-0.055882,-0.095028,-0.008937,0.562093,1.0,0.66272974,42,-0.114908,0.007625,False,62.513048,62.450407,82.437051,82.376482,0.0,0.0
NORAD66704,FLOCK 4H 1,168,1500,True,evaluated,590,574,16,2.7119,338,128,108,stale_age_ridge,25.549213,25.508987,0.1574,closed,closed,closed,closed,closed,closed,22.841426,22.765815,-0.075612,-0.331,0.331,55,53,0,0.509259,-0.075612,-0.13845,-0.17259,0.01766,0.923401,1.0,0.9626188,42,-0.224044,0.067316,False,63.737147,63.639828,88.262663,88.172054,0.000386,0.000386
NORAD66704,FLOCK 4H 1,168,3000,False,evaluated,590,581,9,1.5254,345,128,108,stale_age_ridge,25.549213,25.529047,0.0789,closed,closed,closed,closed,closed,closed,22.841426,22.790085,-0.051342,-0.2248,0.2248,66,42,0,0.611111,-0.051342,-0.047361,-0.092622,-0.010339,0.026424,1.0,0.04663059,42,-0.11135,0.005925,False,63.737147,63.653269,88.262663,88.188331,0.000386,0.000386
NORAD66705,FLOCK 4H 2,8,none,False,evaluated,478,478,0,0.0,294,113,71,stale_age_ridge,0.264916,0.391449,-47.7635,closed,closed,closed,closed,closed,closed,0.260948,0.384115,0.123167,47.1997,-47.1997,7,64,0,0.098592,0.123167,0.144336,0.103556,0.141274,0.0,0.0,0.0,33,0.099171,0.144837,True,0.720315,0.875135,0.984265,1.112045,0.0,0.0
NORAD66705,FLOCK 4H 2,8,150,False,evaluated,478,469,9,1.8828,285,113,71,stale_age_ridge,0.264916,0.264703,0.0804,closed,closed,closed,closed,closed,closed,0.260948,0.259642,-0.001306,-0.5003,0.5003,36,35,0,0.507042,-0.001306,-0.001165,-0.004026,0.001277,1.0,1.0,1.0,33,-0.004662,0.001879,False,0.720315,0.721203,0.984265,0.985287,0.0,0.0
NORAD66705,FLOCK 4H 2,8,500,False,evaluated,478,474,4,0.8368,290,113,71,stale_age_ridge,0.264916,0.291711,-10.1144,closed,closed,closed,closed,closed,closed,0.260948,0.288675,0.027727,10.6256,-10.6256,25,46,0,0.352113,0.027727,0.040156,0.018213,0.037623,0.016995,1.0,0.030591,33,0.015664,0.040392,True,0.720315,0.734413,0.984265,0.99043,0.0,0.0
NORAD66705,FLOCK 4H 2,8,1500,True,evaluated,478,475,3,0.6276,291,113,71,linear_bias_rate,0.264916,0.270762,-2.2067,closed,closed,closed,closed,closed,closed,0.260948,0.267495,0.006547,2.5087,-2.5087,27,44,0,0.380282,0.006547,0.0049,0.002608,0.01064,0.056815,1.0,0.09023559,33,0.002108,0.011773,True,0.720315,0.717769,0.984265,0.981197,0.0,0.0
NORAD66705,FLOCK 4H 2,8,3000,False,evaluated,478,477,1,0.2092,293,113,71,linear_bias_rate,0.264916,0.265622,-0.2665,closed,closed,closed,closed,closed,closed,0.260948,0.261737,0.000789,0.3024,-0.3024,33,38,0,0.464789,0.000789,0.001968,-0.000716,0.002407,0.635308,1.0,0.70881471,33,-0.000892,0.002663,False,0.720315,0.72117,0.984265,0.984916,0.0,0.0
NORAD66705,FLOCK 4H 2,24,none,False,evaluated,605,605,0,0.0,366,136,103,stale_age_ridge,0.754164,0.792716,-5.1119,closed,closed,closed,closed,closed,closed,0.832382,0.889169,0.056787,6.8223,-6.8223,43,60,0,0.417476,0.056787,0.034144,0.028178,0.083991,0.114468,1.0,0.17363124,40,0.025362,0.086999,True,2.355223,2.394127,3.094859,3.121918,0.0,0.0
NORAD66705,FLOCK 4H 2,24,150,False,evaluated,605,596,9,1.4876,357,136,103,stale_age_ridge,0.754164,0.749941,0.56,closed,closed,closed,closed,closed,closed,0.832382,0.825558,-0.006824,-0.8198,0.8198,54,49,0,0.524272,-0.006824,-0.001914,-0.013236,-0.000627,0.693686,1.0,0.7461961,40,-0.014874,0.001349,False,2.355223,2.34661,3.094859,3.085882,0.0,0.0
NORAD66705,FLOCK 4H 2,24,500,False,evaluated,605,602,3,0.4959,363,136,103,stale_age_ridge,0.754164,0.763376,-1.2214,closed,closed,closed,closed,closed,closed,0.832382,0.845197,0.012816,1.5396,-1.5396,40,63,0,0.38835,0.012816,0.011523,0.006444,0.019654,0.029682,1.0,0.05137269,40,0.006098,0.019189,True,2.355223,2.351195,3.094859,3.085062,0.0,0.0
NORAD66705,FLOCK 4H 2,24,1500,True,evaluated,605,602,3,0.4959,363,136,103,stale_age_ridge,0.754164,0.763376,-1.2214,closed,closed,closed,closed,closed,closed,0.832382,0.845197,0.012816,1.5396,-1.5396,40,63,0,0.38835,0.012816,0.011523,0.006444,0.019654,0.029682,1.0,0.05137269,40,0.006098,0.019189,True,2.355223,2.351195,3.094859,3.085062,0.0,0.0
NORAD66705,FLOCK 4H 2,24,3000,False,evaluated,605,603,2,0.3306,364,136,103,stale_age_ridge,0.754164,0.765373,-1.4862,closed,closed,closed,closed,closed,closed,0.832382,0.847818,0.015437,1.8545,-1.8545,37,66,0,0.359223,0.015437,0.015298,0.008889,0.022355,0.005536,0.780576,0.01149785,40,0.007513,0.022902,True,2.355223,2.352879,3.094859,3.086045,0.0,0.0
NORAD66705,FLOCK 4H 2,48,none,False,evaluated,616,616,0,0.0,375,137,104,stale_age_ridge,1.962829,2.028201,-3.3305,closed,closed,closed,closed,closed,closed,2.378153,2.440758,0.062605,2.6325,-2.6325,45,59,0,0.432692,0.062605,0.125193,-0.003075,0.133187,0.202173,1.0,0.29035484,42,-0.021426,0.156073,False,6.747777,6.923795,9.651474,9.811163,0.0,0.0
NORAD66705,FLOCK 4H 2,48,150,False,evaluated,616,597,19,3.0844,356,137,104,stale_age_ridge,1.962829,1.954409,0.429,closed,closed,closed,closed,closed,closed,2.378153,2.359782,-0.018371,-0.7725,0.7725,59,45,0,0.567308,-0.018371,-0.034744,-0.030279,-0.006432,0.202173,1.0,0.29035484,42,-0.033067,-0.002085,True,6.747777,6.730656,9.651474,9.635949,0.0,0.0
NORAD66705,FLOCK 4H 2,48,500,False,evaluated,616,608,8,1.2987,367,137,104,stale_age_ridge,1.962829,1.955515,0.3727,closed,closed,closed,closed,closed,closed,2.378153,2.357736,-0.020417,-0.8585,0.8585,60,44,0,0.576923,-0.020417,-0.029001,-0.03607,-0.004293,0.140956,1.0,0.20911055,42,-0.039327,0.000744,False,6.747777,6.713644,9.651474,9.619358,0.0,0.0
NORAD66705,FLOCK 4H 2,48,1500,True,evaluated,616,610,6,0.974,369,137,104,stale_age_ridge,1.962829,1.954249,0.4371,closed,closed,closed,closed,closed,closed,2.378153,2.361537,-0.016616,-0.6987,0.6987,61,43,0,0.586538,-0.016616,-0.039931,-0.027864,-0.004124,0.095044,1.0,0.14833457,42,-0.031395,-6.9e-05,True,6.747777,6.749378,9.651474,9.652445,0.0,0.0
NORAD66705,FLOCK 4H 2,48,3000,False,evaluated,616,613,3,0.487,372,137,104,stale_age_ridge,1.962829,1.954527,0.423,closed,closed,closed,closed,closed,closed,2.378153,2.361695,-0.016458,-0.692,0.692,59,45,0,0.567308,-0.016458,-0.01872,-0.02753,-0.004358,0.202173,1.0,0.29035484,42,-0.029756,-0.001152,True,6.747777,6.732822,9.651474,9.634528,0.0,0.0
NORAD66705,FLOCK 4H 2,72,none,False,evaluated,615,615,0,0.0,375,137,103,stale_age_ridge,4.652394,4.589782,1.3458,closed,closed,closed,closed,closed,closed,5.28762,5.269792,-0.017829,-0.3372,0.3372,54,49,0,0.524272,-0.017829,-0.035697,-0.083521,0.046224,0.693686,1.0,0.7461961,41,-0.107392,0.067412,False,14.952347,14.995045,19.982203,20.016262,0.0,0.0
NORAD66705,FLOCK 4H 2,72,150,False,evaluated,615,583,32,5.2033,344,137,102,ridge,4.652394,4.605647,1.0048,closed,closed,closed,closed,closed,closed,5.029367,5.096307,0.06694,1.331,-1.331,49,53,0,0.480392,0.06694,0.038584,-0.043775,0.175333,0.766604,1.0,0.81811494,41,-0.091705,0.21564,False,14.243485,14.263344,18.794383,18.784044,0.0,0.0
NORAD66705,FLOCK 4H 2,72,500,False,evaluated,615,598,17,2.7642,358,137,103,stale_age_ridge,4.652394,4.616346,0.7748,closed,closed,closed,closed,closed,closed,5.28762,5.248925,-0.038696,-0.7318,0.7318,57,46,0,0.553398,-0.038696,-0.074793,-0.076227,-0.002308,0.324479,1.0,0.43157305,41,-0.089329,0.013079,False,14.952347,14.919806,19.982203,19.949719,0.0,0.0
NORAD66705,FLOCK 4H 2,72,1500,True,evaluated,615,607,8,1.3008,367,137,103,stale_age_ridge,4.652394,4.627796,0.5287,closed,closed,closed,closed,closed,closed,5.28762,5.258837,-0.028784,-0.5444,0.5444,55,48,0,0.533981,-0.028784,-0.07292,-0.079355,0.0197,0.554601,1.0,0.65965758,41,-0.096963,0.036854,False,14.952347,14.893242,19.982203,19.927856,0.0,0.0
NORAD66705,FLOCK 4H 2,72,3000,False,evaluated,615,609,6,0.9756,369,137,103,stale_age_ridge,4.652394,4.618694,0.7244,closed,closed,closed,closed,closed,closed,5.28762,5.252491,-0.035129,-0.6644,0.6644,55,48,0,0.533981,-0.035129,-0.069105,-0.085165,0.012752,0.554601,1.0,0.65965758,41,-0.102583,0.031141,False,14.952347,14.9063,19.982203,19.939584,0.0,0.0
NORAD66705,FLOCK 4H 2,96,none,False,evaluated,614,614,0,0.0,372,139,103,stale_age_ridge,7.717516,8.185078,-6.0585,closed,closed,closed,closed,closed,closed,7.395288,8.163829,0.768541,10.3923,-10.3923,33,70,0,0.320388,0.768541,0.253793,0.473561,1.096529,0.000341,0.056606,0.00087686,42,0.430834,1.116146,True,20.703507,21.267569,27.074315,27.491816,0.0,0.0
NORAD66705,FLOCK 4H 2,96,150,False,evaluated,614,570,44,7.1661,328,139,103,ridge,7.717516,7.700749,0.2172,closed,closed,closed,closed,closed,closed,7.395288,7.393555,-0.001733,-0.0234,0.0234,55,48,0,0.533981,-0.001733,-0.009572,-0.120217,0.12372,0.554601,1.0,0.65965758,42,-0.184338,0.173507,False,20.703507,20.624517,27.074315,26.981028,0.0,0.0
NORAD66705,FLOCK 4H 2,96,500,False,evaluated,614,596,18,2.9316,354,139,103,stale_age_ridge,7.717516,7.696394,0.2737,closed,closed,closed,closed,closed,closed,7.395288,7.379881,-0.015407,-0.2083,0.2083,55,48,0,0.533981,-0.015407,-0.079645,-0.065132,0.040306,0.554601,1.0,0.65965758,42,-0.088609,0.060275,False,20.703507,20.683715,27.074315,27.045696,0.0,0.0
NORAD66705,FLOCK 4H 2,96,1500,True,evaluated,614,607,7,1.1401,365,139,103,stale_age_ridge,7.717516,7.697709,0.2566,closed,closed,closed,closed,closed,closed,7.395288,7.40693,0.011642,0.1574,-0.1574,63,40,0,0.61165,0.011642,-0.023312,-0.022471,0.050049,0.029682,1.0,0.05137269,42,-0.034449,0.060482,False,20.703507,20.714817,27.074315,27.079069,0.0,0.0
NORAD66705,FLOCK 4H 2,96,3000,False,evaluated,614,610,4,0.6515,368,139,103,stale_age_ridge,7.717516,7.69919,0.2375,closed,closed,closed,closed,closed,closed,7.395288,7.385006,-0.010283,-0.139,0.139,57,46,0,0.553398,-0.010283,-0.047339,-0.037078,0.019299,0.324479,1.0,0.43157305,42,-0.050178,0.029573,False,20.703507,20.700614,27.074315,27.069996,0.0,0.0
NORAD66705,FLOCK 4H 2,168,none,False,evaluated,609,609,0,0.0,363,139,107,stale_age_ridge,25.129225,25.797011,-2.6574,closed,closed,closed,closed,closed,closed,23.327804,24.311823,0.984018,4.2182,-4.2182,37,70,0,0.345794,0.984018,0.981428,0.614365,1.395465,0.00184,0.28152,0.00417479,43,0.519006,1.447306,True,63.147221,63.21118,87.395156,87.01941,0.000389,0.000389
NORAD66705,FLOCK 4H 2,168,150,False,evaluated,609,419,190,31.1987,219,116,84,linear_bias_rate,18.551527,18.551124,0.0022,closed,closed,closed,closed,closed,closed,14.648224,14.648049,-0.000175,-0.0012,0.0012,50,34,0,0.595238,-0.000175,-0.000176,-0.000556,0.000211,0.101136,1.0,0.15560744,38,-0.000685,0.000339,False,40.407031,40.407308,47.235471,47.235689,0.0,0.0
NORAD66705,FLOCK 4H 2,168,500,False,evaluated,609,565,44,7.225,322,137,106,stale_age_ridge,23.809871,23.808274,0.0067,closed,closed,closed,closed,closed,closed,22.496049,22.504035,0.007987,0.0355,-0.0355,50,56,0,0.471698,0.007987,0.007296,-0.0052,0.021482,0.627431,1.0,0.702931,43,-0.007406,0.022424,False,61.237404,61.191782,80.809389,80.755658,0.0,0.0
NORAD66705,FLOCK 4H 2,168,1500,True,evaluated,609,595,14,2.2989,349,139,107,stale_age_ridge,25.129225,25.09383,0.1409,closed,closed,closed,closed,closed,closed,23.327804,23.240153,-0.087651,-0.3757,0.3757,64,43,0,0.598131,-0.087651,-0.103558,-0.164716,-0.010446,0.052668,1.0,0.084645,43,-0.192049,0.028859,False,63.147221,62.969536,87.395156,87.206862,0.000389,0.000389
NORAD66705,FLOCK 4H 2,168,3000,False,evaluated,609,601,8,1.3136,355,139,107,stale_age_ridge,25.129225,25.111373,0.071,closed,closed,closed,closed,closed,closed,23.327804,23.255692,-0.072112,-0.3091,0.3091,61,46,0,0.570093,-0.072112,-0.023693,-0.167287,0.024309,0.17564,1.0,0.25773261,43,-0.195669,0.059568,False,63.147221,62.843133,87.395156,87.070527,0.000389,0.000389
NORAD66741,BLACK KITE-1,8,none,False,evaluated,318,318,0,0.0,166,92,60,stale_age_ridge,0.264325,0.293662,-11.099,closed,closed,closed,closed,closed,closed,0.211521,0.238624,0.027104,12.8137,-12.8137,22,38,0,0.366667,0.027104,0.010784,0.012955,0.042113,0.051894,1.0,0.08390048,28,0.010056,0.047719,True,0.571785,0.617125,0.777441,0.819316,0.0,0.0
NORAD66741,BLACK KITE-1,8,150,False,evaluated,318,315,3,0.9434,163,92,60,stale_age_ridge,0.264325,0.270774,-2.44,closed,closed,closed,closed,closed,closed,0.211521,0.215669,0.004148,1.961,-1.961,26,34,0,0.433333,0.004148,0.003795,-0.002572,0.010838,0.366294,1.0,0.48009408,28,-0.004142,0.013068,False,0.571785,0.588125,0.777441,0.793462,0.0,0.0
NORAD66741,BLACK KITE-1,8,500,False,evaluated,318,315,3,0.9434,163,92,60,stale_age_ridge,0.264325,0.270774,-2.44,closed,closed,closed,closed,closed,closed,0.211521,0.215669,0.004148,1.961,-1.961,26,34,0,0.433333,0.004148,0.003795,-0.002572,0.010838,0.366294,1.0,0.48009408,28,-0.004142,0.013068,False,0.571785,0.588125,0.777441,0.793462,0.0,0.0
NORAD66741,BLACK KITE-1,8,1500,True,evaluated,318,318,0,0.0,166,92,60,stale_age_ridge,0.264325,0.293662,-11.099,closed,closed,closed,closed,closed,closed,0.211521,0.238624,0.027104,12.8137,-12.8137,22,38,0,0.366667,0.027104,0.010784,0.012955,0.042113,0.051894,1.0,0.08390048,28,0.010056,0.047719,True,0.571785,0.617125,0.777441,0.819316,0.0,0.0
NORAD66741,BLACK KITE-1,8,3000,False,evaluated,318,318,0,0.0,166,92,60,stale_age_ridge,0.264325,0.293662,-11.099,closed,closed,closed,closed,closed,closed,0.211521,0.238624,0.027104,12.8137,-12.8137,22,38,0,0.366667,0.027104,0.010784,0.012955,0.042113,0.051894,1.0,0.08390048,28,0.010056,0.047719,True,0.571785,0.617125,0.777441,0.819316,0.0,0.0
NORAD66741,BLACK KITE-1,24,none,False,evaluated,397,397,0,0.0,201,114,82,stale_age_ridge,0.840583,1.114211,-32.5522,closed,closed,closed,closed,closed,closed,0.8157,1.103456,0.287756,35.2772,-35.2772,18,64,0,0.219512,0.287756,0.096834,0.193503,0.393854,0.0,0.0,0.0,39,0.192921,0.394637,True,2.193076,2.451925,2.871443,3.088299,0.0,0.0
NORAD66741,BLACK KITE-1,24,150,False,evaluated,397,385,12,3.0227,189,114,82,stale_age_ridge,0.840583,0.84932,-1.0394,closed,closed,closed,closed,closed,closed,0.8157,0.81784,0.00214,0.2623,-0.2623,38,44,0,0.463415,0.00214,0.002888,-0.00702,0.011125,0.581114,1.0,0.66841932,39,-0.006083,0.010153,False,2.193076,2.186626,2.871443,2.866945,0.0,0.0
NORAD66741,BLACK KITE-1,24,500,False,evaluated,397,388,9,2.267,192,114,82,stale_age_ridge,0.840583,0.854499,-1.6555,closed,closed,closed,closed,closed,closed,0.8157,0.825085,0.009385,1.1505,-1.1505,36,46,0,0.439024,0.009385,0.004201,0.0,0.019525,0.320293,1.0,0.43024433,39,-0.000325,0.019536,False,2.193076,2.191099,2.871443,2.870183,0.0,0.0
NORAD66741,BLACK KITE-1,24,1500,True,evaluated,397,392,5,1.2594,196,114,82,linear_bias_rate,0.840583,0.84946,-1.056,closed,closed,closed,closed,closed,closed,0.8157,0.829296,0.013596,1.6668,-1.6668,37,45,0,0.45122,0.013596,0.017679,-0.001394,0.02922,0.439705,1.0,0.54709839,39,-0.00409,0.030427,False,2.193076,2.242766,2.871443,2.91593,0.0,0.0
NORAD66741,BLACK KITE-1,24,3000,False,evaluated,397,397,0,0.0,201,114,82,stale_age_ridge,0.840583,1.114211,-32.5522,closed,closed,closed,closed,closed,closed,0.8157,1.103456,0.287756,35.2772,-35.2772,18,64,0,0.219512,0.287756,0.096834,0.193503,0.393854,0.0,0.0,0.0,39,0.192921,0.394637,True,2.193076,2.451925,2.871443,3.088299,0.0,0.0
NORAD66741,BLACK KITE-1,48,none,False,evaluated,398,398,0,0.0,192,118,88,linear_bias_rate,2.156048,2.302052,-6.7718,closed,closed,closed,closed,closed,closed,2.40817,2.586675,0.178505,7.4125,-7.4125,28,60,0,0.318182,0.178505,0.068777,0.098873,0.265783,0.000846,0.132822,0.00200368,42,0.101834,0.264635,True,6.514386,6.691167,7.994224,8.145123,0.0,0.0
NORAD66741,BLACK KITE-1,48,150,False,evaluated,398,384,14,3.5176,178,118,88,stale_age_ridge,2.156048,2.145864,0.4723,closed,closed,closed,closed,closed,closed,2.40817,2.395275,-0.012896,-0.5355,0.5355,48,40,0,0.545455,-0.012896,-0.006746,-0.025756,-0.000343,0.455741,1.0,0.56444986,42,-0.030831,0.003282,False,6.514386,6.501557,7.994224,7.987553,0.0,0.0
NORAD66741,BLACK KITE-1,48,500,False,evaluated,398,389,9,2.2613,183,118,88,stale_age_ridge,2.156048,2.160774,-0.2192,closed,closed,closed,closed,closed,closed,2.40817,2.41709,0.008919,0.3704,-0.3704,36,52,0,0.409091,0.008919,0.002177,-0.000621,0.018677,0.109295,1.0,0.16672119,42,0.000379,0.0176,True,6.514386,6.512919,7.994224,7.992562,0.0,0.0
NORAD66741,BLACK KITE-1,48,1500,True,evaluated,398,394,4,1.005,188,118,88,stale_age_ridge,2.156048,2.167221,-0.5182,closed,closed,closed,closed,closed,closed,2.40817,2.425326,0.017156,0.7124,-0.7124,34,54,0,0.386364,0.017156,0.014007,0.004002,0.031148,0.042211,1.0,0.06992006,42,0.004794,0.030258,True,6.514386,6.51905,7.994224,7.997115,0.0,0.0
NORAD66741,BLACK KITE-1,48,3000,False,evaluated,398,396,2,0.5025,190,118,88,stale_age_ridge,2.156048,2.158079,-0.0942,closed,closed,closed,closed,closed,closed,2.40817,2.412133,0.003963,0.1645,-0.1645,41,47,0,0.465909,0.003963,0.003082,-0.002226,0.010472,0.594288,1.0,0.67419227,42,-0.00214,0.010236,False,6.514386,6.512665,7.994224,7.993942,0.0,0.0
NORAD66741,BLACK KITE-1,72,none,False,evaluated,401,401,0,0.0,190,124,87,linear_bias_rate,4.861547,4.922425,-1.2522,closed,closed,closed,closed,closed,closed,4.881554,5.058953,0.177399,3.6341,-3.6341,36,51,0,0.413793,0.177399,0.233071,0.071766,0.287534,0.132902,1.0,0.2004667,41,0.023808,0.333613,True,13.38284,13.7882,16.99964,17.3742,0.0,0.0
NORAD66741,BLACK KITE-1,72,150,False,evaluated,401,379,22,5.4863,168,124,87,linear_bias_rate,4.861547,4.861183,0.0075,closed,closed,closed,closed,closed,closed,4.881554,4.884272,0.002718,0.0557,-0.0557,46,41,0,0.528736,0.002718,-0.000121,-0.002181,0.007361,0.668285,1.0,0.74253889,41,-0.002643,0.008207,False,13.38284,13.380605,16.99964,16.99718,0.0,0.0
NORAD66741,BLACK KITE-1,72,500,False,evaluated,401,388,13,3.2419,177,124,87,linear_bias_rate,4.861547,4.856515,0.1035,closed,closed,closed,closed,closed,closed,4.881554,4.882265,0.000712,0.0146,-0.0146,45,42,0,0.517241,0.000712,-0.004489,-0.005777,0.007096,0.830373,1.0,0.8796948,41,-0.008453,0.009253,False,13.38284,13.388821,16.99964,17.006233,0.0,0.0
NORAD66741,BLACK KITE-1,72,1500,True,evaluated,401,392,9,2.2444,181,124,87,linear_bias_rate,4.861547,4.853436,0.1668,closed,closed,closed,closed,closed,closed,4.881554,4.879565,-0.001989,-0.0407,0.0407,47,40,0,0.54023,-0.001989,-0.002478,-0.010907,0.00692,0.520292,1.0,0.63565086,41,-0.01469,0.009697,False,13.38284,13.396407,16.99964,17.013241,0.0,0.0
NORAD66741,BLACK KITE-1,72,3000,False,evaluated,401,397,4,0.9975,186,124,87,stale_age_ridge,4.861547,5.293905,-8.8934,closed,closed,closed,closed,closed,closed,4.881554,5.237617,0.356063,7.2941,-7.2941,29,58,0,0.333333,0.356063,0.07359,0.182729,0.544733,0.002479,0.369371,0.00548631,41,0.159657,0.556424,True,13.38284,13.87339,16.99964,17.456627,0.0,0.0
NORAD66741,BLACK KITE-1,96,none,False,evaluated,403,403,0,0.0,191,123,89,linear_bias_rate,9.476874,10.779228,-13.7424,closed,closed,closed,closed,closed,closed,8.604743,10.414213,1.80947,21.0287,-21.0287,23,66,0,0.258427,1.80947,2.10408,1.291443,2.3395,6e-06,0.001044,1.67e-05,43,1.132559,2.484093,True,23.365695,25.729418,30.900228,33.014741,0.0,0.0
NORAD66741,BLACK KITE-1,96,150,False,evaluated,403,364,39,9.6774,157,119,88,ridge,8.154735,8.118253,0.4474,closed,closed,closed,closed,closed,closed,8.372322,8.53807,0.165748,1.9797,-1.9797,41,47,0,0.465909,0.165748,0.610251,-0.101137,0.442822,0.594288,1.0,0.67419227,43,-0.22019,0.547749,False,22.754955,23.01314,29.715649,29.966366,0.0,0.0
NORAD66741,BLACK KITE-1,96,500,False,evaluated,403,385,18,4.4665,173,123,89,linear_bias_rate,9.476874,9.4613,0.1643,closed,closed,closed,closed,closed,closed,8.604743,8.604149,-0.000594,-0.0069,0.0069,45,44,0,0.505618,-0.000594,-0.021923,-0.019612,0.020136,1.0,1.0,1.0,43,-0.028159,0.027471,False,23.365695,23.380396,30.900228,30.91501,0.0,0.0
NORAD66741,BLACK KITE-1,96,1500,True,evaluated,403,391,12,2.9777,179,123,89,linear_bias_rate,9.476874,9.455181,0.2289,closed,closed,closed,closed,closed,closed,8.604743,8.611706,0.006962,0.0809,-0.0809,46,43,0,0.516854,0.006962,-0.008184,-0.020144,0.036846,0.832258,1.0,0.8796948,43,-0.033197,0.047821,False,23.365695,23.379536,30.900228,30.911635,0.0,0.0
NORAD66741,BLACK KITE-1,96,3000,False,evaluated,403,396,7,1.737,184,123,89,stale_age_ridge,9.476874,9.46283,0.1482,closed,closed,closed,closed,closed,closed,8.604743,8.736686,0.131943,1.5334,-1.5334,39,50,0,0.438202,0.131943,0.278497,0.006642,0.260752,0.289096,1.0,0.3922408,43,-0.04163,0.295758,False,23.365695,23.39508,30.900228,30.911533,0.0,0.0
NORAD66741,BLACK KITE-1,168,none,False,evaluated,405,405,0,0.0,188,124,93,linear_bias_rate,27.381699,29.49253,-7.7089,closed,closed,closed,closed,closed,closed,29.743709,32.760289,3.01658,10.1419,-10.1419,33,60,0,0.354839,3.01658,2.101934,1.88654,4.201777,0.006695,0.930605,0.01369432,43,1.718188,4.532909,True,82.3138,83.817797,107.419506,108.710184,0.001792,0.001792
NORAD66741,BLACK KITE-1,168,150,False,evaluated,405,240,165,40.7407,74,95,71,stale_age_ridge,18.740634,18.738321,0.0123,closed,closed,closed,closed,closed,closed,16.261024,16.246291,-0.014733,-0.0906,0.0906,43,28,0,0.605634,-0.014733,-0.031771,-0.02754,-0.000892,0.095924,1.0,0.14884759,37,-0.031755,0.004591,False,43.304608,43.357153,49.738432,49.79207,0.0,0.0
NORAD66741,BLACK KITE-1,168,500,False,evaluated,405,364,41,10.1235,151,123,90,stale_age_ridge,27.047797,27.057995,-0.0377,closed,closed,closed,closed,closed,closed,26.194801,26.190549,-0.004253,-0.0162,0.0162,51,39,0,0.566667,-0.004253,-0.012293,-0.031341,0.022978,0.246106,1.0,0.34076215,42,-0.032582,0.027108,False,72.150175,72.246778,90.010638,90.106945,0.0,0.0
NORAD66741,BLACK KITE-1,168,1500,True,evaluated,405,388,17,4.1975,171,124,93,stale_age_ridge,27.381699,27.396069,-0.0525,closed,closed,closed,closed,closed,closed,29.743709,29.778295,0.034586,0.1163,-0.1163,41,52,0,0.44086,0.034586,0.061568,0.012255,0.057918,0.299732,1.0,0.4046382,43,0.001,0.065395,True,82.3138,82.313871,107.419506,107.422641,0.001792,0.001792
NORAD66741,BLACK KITE-1,168,3000,False,evaluated,405,391,14,3.4568,174,124,93,stale_age_ridge,27.381699,27.425512,-0.16,closed,closed,closed,closed,closed,closed,29.743709,29.811917,0.068208,0.2293,-0.2293,34,59,0,0.365591,0.068208,0.14942,0.014533,0.118808,0.012401,1.0,0.02391621,43,-0.008229,0.137494,False,82.3138,82.256718,107.419506,107.363584,0.001792,0.001792
NORAD68474,BLACK KITE-2,8,none,False,evaluated,183,183,0,0.0,126,32,25,stale_age_ridge,0.218165,0.208653,4.3602,closed,closed,open,closed,closed,closed,0.216634,0.216443,-0.000191,-0.088,0.088,11,14,0,0.44,-0.000191,0.001824,-0.00773,0.006586,0.690038,1.0,0.7461961,13,-0.010097,0.008804,False,0.640248,0.640599,0.78685,0.786359,0.0,0.0
NORAD68474,BLACK KITE-2,8,150,False,evaluated,183,183,0,0.0,126,32,25,stale_age_ridge,0.218165,0.208653,4.3602,closed,closed,open,closed,closed,closed,0.216634,0.216443,-0.000191,-0.088,0.088,11,14,0,0.44,-0.000191,0.001824,-0.00773,0.006586,0.690038,1.0,0.7461961,13,-0.010097,0.008804,False,0.640248,0.640599,0.78685,0.786359,0.0,0.0
NORAD68474,BLACK KITE-2,8,500,False,evaluated,183,183,0,0.0,126,32,25,stale_age_ridge,0.218165,0.208653,4.3602,closed,closed,open,closed,closed,closed,0.216634,0.216443,-0.000191,-0.088,0.088,11,14,0,0.44,-0.000191,0.001824,-0.00773,0.006586,0.690038,1.0,0.7461961,13,-0.010097,0.008804,False,0.640248,0.640599,0.78685,0.786359,0.0,0.0
NORAD68474,BLACK KITE-2,8,1500,True,evaluated,183,183,0,0.0,126,32,25,stale_age_ridge,0.218165,0.208653,4.3602,closed,closed,open,closed,closed,closed,0.216634,0.216443,-0.000191,-0.088,0.088,11,14,0,0.44,-0.000191,0.001824,-0.00773,0.006586,0.690038,1.0,0.7461961,13,-0.010097,0.008804,False,0.640248,0.640599,0.78685,0.786359,0.0,0.0
NORAD68474,BLACK KITE-2,8,3000,False,evaluated,183,183,0,0.0,126,32,25,stale_age_ridge,0.218165,0.208653,4.3602,closed,closed,open,closed,closed,closed,0.216634,0.216443,-0.000191,-0.088,0.088,11,14,0,0.44,-0.000191,0.001824,-0.00773,0.006586,0.690038,1.0,0.7461961,13,-0.010097,0.008804,False,0.640248,0.640599,0.78685,0.786359,0.0,0.0
NORAD68474,BLACK KITE-2,24,none,False,evaluated,229,229,0,0.0,145,45,39,ridge,0.629109,0.598376,4.885,closed,closed,open,closed,closed,closed,0.781378,0.829917,0.048539,6.212,-6.212,10,29,0,0.25641,0.048539,0.083035,0.022194,0.071341,0.003378,0.496566,0.00712547,19,0.010518,0.080081,True,2.242219,2.396866,2.904521,3.078558,0.0,0.0
NORAD68474,BLACK KITE-2,24,150,False,evaluated,229,229,0,0.0,145,45,39,ridge,0.629109,0.598376,4.885,closed,closed,open,closed,closed,closed,0.781378,0.829917,0.048539,6.212,-6.212,10,29,0,0.25641,0.048539,0.083035,0.022194,0.071341,0.003378,0.496566,0.00712547,19,0.010518,0.080081,True,2.242219,2.396866,2.904521,3.078558,0.0,0.0
NORAD68474,BLACK KITE-2,24,500,False,evaluated,229,229,0,0.0,145,45,39,ridge,0.629109,0.598376,4.885,closed,closed,open,closed,closed,closed,0.781378,0.829917,0.048539,6.212,-6.212,10,29,0,0.25641,0.048539,0.083035,0.022194,0.071341,0.003378,0.496566,0.00712547,19,0.010518,0.080081,True,2.242219,2.396866,2.904521,3.078558,0.0,0.0
NORAD68474,BLACK KITE-2,24,1500,True,evaluated,229,229,0,0.0,145,45,39,ridge,0.629109,0.598376,4.885,closed,closed,open,closed,closed,closed,0.781378,0.829917,0.048539,6.212,-6.212,10,29,0,0.25641,0.048539,0.083035,0.022194,0.071341,0.003378,0.496566,0.00712547,19,0.010518,0.080081,True,2.242219,2.396866,2.904521,3.078558,0.0,0.0
NORAD68474,BLACK KITE-2,24,3000,False,evaluated,229,229,0,0.0,145,45,39,ridge,0.629109,0.598376,4.885,closed,closed,open,closed,closed,closed,0.781378,0.829917,0.048539,6.212,-6.212,10,29,0,0.25641,0.048539,0.083035,0.022194,0.071341,0.003378,0.496566,0.00712547,19,0.010518,0.080081,True,2.242219,2.396866,2.904521,3.078558,0.0,0.0
NORAD68474,BLACK KITE-2,48,none,False,evaluated,221,221,0,0.0,138,45,38,ridge,1.136671,1.085275,4.5216,closed,closed,open,closed,closed,closed,1.74625,1.806707,0.060458,3.4621,-3.4621,11,27,0,0.289474,0.060458,0.126179,0.018149,0.098125,0.013853,1.0,0.02544429,19,0.00498,0.110628,True,5.27615,5.476886,6.670849,6.893173,0.0,0.0
NORAD68474,BLACK KITE-2,48,150,False,evaluated,221,221,0,0.0,138,45,38,ridge,1.136671,1.085275,4.5216,closed,closed,open,closed,closed,closed,1.74625,1.806707,0.060458,3.4621,-3.4621,11,27,0,0.289474,0.060458,0.126179,0.018149,0.098125,0.013853,1.0,0.02544429,19,0.00498,0.110628,True,5.27615,5.476886,6.670849,6.893173,0.0,0.0
NORAD68474,BLACK KITE-2,48,500,False,evaluated,221,221,0,0.0,138,45,38,ridge,1.136671,1.085275,4.5216,closed,closed,open,closed,closed,closed,1.74625,1.806707,0.060458,3.4621,-3.4621,11,27,0,0.289474,0.060458,0.126179,0.018149,0.098125,0.013853,1.0,0.02544429,19,0.00498,0.110628,True,5.27615,5.476886,6.670849,6.893173,0.0,0.0
NORAD68474,BLACK KITE-2,48,1500,True,evaluated,221,221,0,0.0,138,45,38,ridge,1.136671,1.085275,4.5216,closed,closed,open,closed,closed,closed,1.74625,1.806707,0.060458,3.4621,-3.4621,11,27,0,0.289474,0.060458,0.126179,0.018149,0.098125,0.013853,1.0,0.02544429,19,0.00498,0.110628,True,5.27615,5.476886,6.670849,6.893173,0.0,0.0
NORAD68474,BLACK KITE-2,48,3000,False,evaluated,221,221,0,0.0,138,45,38,ridge,1.136671,1.085275,4.5216,closed,closed,open,closed,closed,closed,1.74625,1.806707,0.060458,3.4621,-3.4621,11,27,0,0.289474,0.060458,0.126179,0.018149,0.098125,0.013853,1.0,0.02544429,19,0.00498,0.110628,True,5.27615,5.476886,6.670849,6.893173,0.0,0.0
NORAD68474,BLACK KITE-2,72,none,False,evaluated,223,223,0,0.0,141,44,38,stale_age_ridge,1.893941,1.84269,2.706,closed,closed,closed,closed,closed,closed,2.558582,2.571773,0.013191,0.5156,-0.5156,16,22,0,0.421053,0.013191,0.009582,-0.022022,0.05008,0.417692,1.0,0.52995349,18,-0.026243,0.051804,False,7.830972,7.885147,9.297955,9.357497,0.0,0.0
NORAD68474,BLACK KITE-2,72,150,False,evaluated,223,223,0,0.0,141,44,38,stale_age_ridge,1.893941,1.84269,2.706,closed,closed,closed,closed,closed,closed,2.558582,2.571773,0.013191,0.5156,-0.5156,16,22,0,0.421053,0.013191,0.009582,-0.022022,0.05008,0.417692,1.0,0.52995349,18,-0.026243,0.051804,False,7.830972,7.885147,9.297955,9.357497,0.0,0.0
NORAD68474,BLACK KITE-2,72,500,False,evaluated,223,223,0,0.0,141,44,38,stale_age_ridge,1.893941,1.84269,2.706,closed,closed,closed,closed,closed,closed,2.558582,2.571773,0.013191,0.5156,-0.5156,16,22,0,0.421053,0.013191,0.009582,-0.022022,0.05008,0.417692,1.0,0.52995349,18,-0.026243,0.051804,False,7.830972,7.885147,9.297955,9.357497,0.0,0.0
NORAD68474,BLACK KITE-2,72,1500,True,evaluated,223,223,0,0.0,141,44,38,stale_age_ridge,1.893941,1.84269,2.706,closed,closed,closed,closed,closed,closed,2.558582,2.571773,0.013191,0.5156,-0.5156,16,22,0,0.421053,0.013191,0.009582,-0.022022,0.05008,0.417692,1.0,0.52995349,18,-0.026243,0.051804,False,7.830972,7.885147,9.297955,9.357497,0.0,0.0
NORAD68474,BLACK KITE-2,72,3000,False,evaluated,223,223,0,0.0,141,44,38,stale_age_ridge,1.893941,1.84269,2.706,closed,closed,closed,closed,closed,closed,2.558582,2.571773,0.013191,0.5156,-0.5156,16,22,0,0.421053,0.013191,0.009582,-0.022022,0.05008,0.417692,1.0,0.52995349,18,-0.026243,0.051804,False,7.830972,7.885147,9.297955,9.357497,0.0,0.0
NORAD68474,BLACK KITE-2,96,none,False,evaluated,235,235,0,0.0,150,44,41,stale_age_ridge,2.492873,2.475456,0.6987,closed,closed,closed,closed,closed,closed,3.415531,3.424188,0.008657,0.2535,-0.2535,16,25,0,0.390244,0.008657,0.009088,-0.028749,0.044514,0.211024,1.0,0.2936932,19,-0.032121,0.053534,False,10.310719,10.348305,12.601626,12.655288,0.0,0.0
NORAD68474,BLACK KITE-2,96,150,False,evaluated,235,235,0,0.0,150,44,41,stale_age_ridge,2.492873,2.475456,0.6987,closed,closed,closed,closed,closed,closed,3.415531,3.424188,0.008657,0.2535,-0.2535,16,25,0,0.390244,0.008657,0.009088,-0.028749,0.044514,0.211024,1.0,0.2936932,19,-0.032121,0.053534,False,10.310719,10.348305,12.601626,12.655288,0.0,0.0
NORAD68474,BLACK KITE-2,96,500,False,evaluated,235,235,0,0.0,150,44,41,stale_age_ridge,2.492873,2.475456,0.6987,closed,closed,closed,closed,closed,closed,3.415531,3.424188,0.008657,0.2535,-0.2535,16,25,0,0.390244,0.008657,0.009088,-0.028749,0.044514,0.211024,1.0,0.2936932,19,-0.032121,0.053534,False,10.310719,10.348305,12.601626,12.655288,0.0,0.0
NORAD68474,BLACK KITE-2,96,1500,True,evaluated,235,235,0,0.0,150,44,41,stale_age_ridge,2.492873,2.475456,0.6987,closed,closed,closed,closed,closed,closed,3.415531,3.424188,0.008657,0.2535,-0.2535,16,25,0,0.390244,0.008657,0.009088,-0.028749,0.044514,0.211024,1.0,0.2936932,19,-0.032121,0.053534,False,10.310719,10.348305,12.601626,12.655288,0.0,0.0
NORAD68474,BLACK KITE-2,96,3000,False,evaluated,235,235,0,0.0,150,44,41,stale_age_ridge,2.492873,2.475456,0.6987,closed,closed,closed,closed,closed,closed,3.415531,3.424188,0.008657,0.2535,-0.2535,16,25,0,0.390244,0.008657,0.009088,-0.028749,0.044514,0.211024,1.0,0.2936932,19,-0.032121,0.053534,False,10.310719,10.348305,12.601626,12.655288,0.0,0.0
NORAD68474,BLACK KITE-2,168,none,False,evaluated,241,241,0,0.0,153,46,42,stale_age_ridge,5.588089,5.578595,0.1699,closed,closed,closed,closed,closed,closed,17.690351,17.687564,-0.002787,-0.0158,0.0158,21,21,0,0.5,-0.002787,-0.001083,-0.027873,0.022225,1.0,1.0,1.0,20,-0.03486,0.033351,False,53.331451,53.335437,72.433808,72.43274,0.000992,0.000992
NORAD68474,BLACK KITE-2,168,150,False,evaluated,241,235,6,2.4896,153,46,36,stale_age_ridge,5.588089,5.578595,0.1699,closed,closed,closed,closed,closed,closed,9.525179,9.525867,0.000688,0.0072,-0.0072,16,20,0,0.444444,0.000688,0.03006,-0.027076,0.028095,0.617719,1.0,0.69784155,19,-0.037108,0.039498,False,29.373447,29.37236,35.523515,35.518491,0.0,0.0
NORAD68474,BLACK KITE-2,168,500,False,evaluated,241,240,1,0.4149,153,46,41,stale_age_ridge,5.588089,5.578595,0.1699,closed,closed,closed,closed,closed,closed,15.570401,15.568666,-0.001735,-0.0111,0.0111,20,21,0,0.487805,-0.001735,0.022648,-0.026697,0.022903,1.0,1.0,1.0,20,-0.034367,0.034443,False,46.85279,46.85558,61.833031,61.830892,0.0,0.0
NORAD68474,BLACK KITE-2,168,1500,True,evaluated,241,241,0,0.0,153,46,42,stale_age_ridge,5.588089,5.578595,0.1699,closed,closed,closed,closed,closed,closed,17.690351,17.687564,-0.002787,-0.0158,0.0158,21,21,0,0.5,-0.002787,-0.001083,-0.027873,0.022225,1.0,1.0,1.0,20,-0.03486,0.033351,False,53.331451,53.335437,72.433808,72.43274,0.000992,0.000992
NORAD68474,BLACK KITE-2,168,3000,False,evaluated,241,241,0,0.0,153,46,42,stale_age_ridge,5.588089,5.578595,0.1699,closed,closed,closed,closed,closed,closed,17.690351,17.687564,-0.002787,-0.0158,0.0158,21,21,0,0.5,-0.002787,-0.001083,-0.027873,0.022225,1.0,1.0,1.0,20,-0.03486,0.033351,False,53.331451,53.335437,72.433808,72.43274,0.000992,0.000992
