satellite_key,satellite_name,norad_id,constellation_family,regime,records,epoch_start_utc,epoch_end_utc,epoch_span_days,median_gap_h,p10_gap_h,p90_gap_h,mean_altitude_km,min_altitude_km,max_altitude_km,mean_inclination_deg,mean_eccentricity,min_eccentricity,max_eccentricity,mean_bstar,min_bstar,max_bstar,staleness_h,accepted_pairs,rejected_pairs,reject_rate_pct,train_pairs,val_pairs,test_pairs,band_supported
NORAD25544,ISS (ZARYA),25544,unknown,alt300-500km_inc0-60deg,46126,1998-11-20T06:49:59.999807+00:00,2026-07-26T09:51:36.701280+00:00,10110.126,4.532,1.556,9.256,388.222427,258.880917,422.166699,51.636953,0.000685,3e-06,0.012586,0.000209,-0.11407,0.51559,8,43556,69,0.158,27152,7514,8890,True
NORAD25544,ISS (ZARYA),25544,unknown,alt300-500km_inc0-60deg,46126,1998-11-20T06:49:59.999807+00:00,2026-07-26T09:51:36.701280+00:00,10110.126,4.532,1.556,9.256,388.222427,258.880917,422.166699,51.636953,0.000685,3e-06,0.012586,0.000209,-0.11407,0.51559,24,45183,721,1.571,27710,8164,9309,True
NORAD25544,ISS (ZARYA),25544,unknown,alt300-500km_inc0-60deg,46126,1998-11-20T06:49:59.999807+00:00,2026-07-26T09:51:36.701280+00:00,10110.126,4.532,1.556,9.256,388.222427,258.880917,422.166699,51.636953,0.000685,3e-06,0.012586,0.000209,-0.11407,0.51559,48,43855,2110,4.59,26849,8042,8964,True
NORAD25544,ISS (ZARYA),25544,unknown,alt300-500km_inc0-60deg,46126,1998-11-20T06:49:59.999807+00:00,2026-07-26T09:51:36.701280+00:00,10110.126,4.532,1.556,9.256,388.222427,258.880917,422.166699,51.636953,0.000685,3e-06,0.012586,0.000209,-0.11407,0.51559,72,41910,4016,8.745,25569,7842,8499,True
NORAD25544,ISS (ZARYA),25544,unknown,alt300-500km_inc0-60deg,46126,1998-11-20T06:49:59.999807+00:00,2026-07-26T09:51:36.701280+00:00,10110.126,4.532,1.556,9.256,388.222427,258.880917,422.166699,51.636953,0.000685,3e-06,0.012586,0.000209,-0.11407,0.51559,96,39743,6256,13.6,24130,7627,7986,True
NORAD25544,ISS (ZARYA),25544,unknown,alt300-500km_inc0-60deg,46126,1998-11-20T06:49:59.999807+00:00,2026-07-26T09:51:36.701280+00:00,10110.126,4.532,1.556,9.256,388.222427,258.880917,422.166699,51.636953,0.000685,3e-06,0.012586,0.000209,-0.11407,0.51559,168,32921,13091,28.451,19585,6887,6449,True
NORAD56726,IRIDIUM 181,56726,unknown,alt700-900km_inc60-90deg,2656,2023-05-22T16:28:54.903648+00:00,2026-07-26T14:58:51.988512+00:00,1160.937,9.982,1.664,19.967,743.372513,618.910388,747.843123,86.626487,0.000231,8.6e-05,0.001274,0.000147,-0.000148,0.001734,8,1874,0,0.0,924,339,611,True
NORAD56726,IRIDIUM 181,56726,unknown,alt700-900km_inc60-90deg,2656,2023-05-22T16:28:54.903648+00:00,2026-07-26T14:58:51.988512+00:00,1160.937,9.982,1.664,19.967,743.372513,618.910388,747.843123,86.626487,0.000231,8.6e-05,0.001274,0.000147,-0.000148,0.001734,24,2556,0,0.0,1361,479,716,True
NORAD56726,IRIDIUM 181,56726,unknown,alt700-900km_inc60-90deg,2656,2023-05-22T16:28:54.903648+00:00,2026-07-26T14:58:51.988512+00:00,1160.937,9.982,1.664,19.967,743.372513,618.910388,747.843123,86.626487,0.000231,8.6e-05,0.001274,0.000147,-0.000148,0.001734,48,2585,3,0.116,1369,492,724,True
NORAD56726,IRIDIUM 181,56726,unknown,alt700-900km_inc60-90deg,2656,2023-05-22T16:28:54.903648+00:00,2026-07-26T14:58:51.988512+00:00,1160.937,9.982,1.664,19.967,743.372513,618.910388,747.843123,86.626487,0.000231,8.6e-05,0.001274,0.000147,-0.000148,0.001734,72,2565,6,0.233,1358,487,720,True
NORAD56726,IRIDIUM 181,56726,unknown,alt700-900km_inc60-90deg,2656,2023-05-22T16:28:54.903648+00:00,2026-07-26T14:58:51.988512+00:00,1160.937,9.982,1.664,19.967,743.372513,618.910388,747.843123,86.626487,0.000231,8.6e-05,0.001274,0.000147,-0.000148,0.001734,96,2620,10,0.38,1388,500,732,True
NORAD56726,IRIDIUM 181,56726,unknown,alt700-900km_inc60-90deg,2656,2023-05-22T16:28:54.903648+00:00,2026-07-26T14:58:51.988512+00:00,1160.937,9.982,1.664,19.967,743.372513,618.910388,747.843123,86.626487,0.000231,8.6e-05,0.001274,0.000147,-0.000148,0.001734,168,2616,25,0.947,1379,503,734,True
NORAD56727,IRIDIUM 177,56727,unknown,alt500-700km_inc60-90deg,2599,2023-05-22T16:28:48.333792+00:00,2026-07-26T12:51:17.007264+00:00,1160.849,9.735,1.622,21.092,628.590898,618.739323,629.286017,86.208798,0.000239,0.000147,0.001287,0.000239,-0.00096,0.002058,8,1832,0,0.0,876,355,601,True
NORAD56727,IRIDIUM 177,56727,unknown,alt500-700km_inc60-90deg,2599,2023-05-22T16:28:48.333792+00:00,2026-07-26T12:51:17.007264+00:00,1160.849,9.735,1.622,21.092,628.590898,618.739323,629.286017,86.208798,0.000239,0.000147,0.001287,0.000239,-0.00096,0.002058,24,2519,1,0.04,1342,476,701,True
NORAD56727,IRIDIUM 177,56727,unknown,alt500-700km_inc60-90deg,2599,2023-05-22T16:28:48.333792+00:00,2026-07-26T12:51:17.007264+00:00,1160.849,9.735,1.622,21.092,628.590898,618.739323,629.286017,86.208798,0.000239,0.000147,0.001287,0.000239,-0.00096,0.002058,48,2504,2,0.08,1333,474,697,True
NORAD56727,IRIDIUM 177,56727,unknown,alt500-700km_inc60-90deg,2599,2023-05-22T16:28:48.333792+00:00,2026-07-26T12:51:17.007264+00:00,1160.849,9.735,1.622,21.092,628.590898,618.739323,629.286017,86.208798,0.000239,0.000147,0.001287,0.000239,-0.00096,0.002058,72,2518,9,0.356,1334,477,707,True
NORAD56727,IRIDIUM 177,56727,unknown,alt500-700km_inc60-90deg,2599,2023-05-22T16:28:48.333792+00:00,2026-07-26T12:51:17.007264+00:00,1160.849,9.735,1.622,21.092,628.590898,618.739323,629.286017,86.208798,0.000239,0.000147,0.001287,0.000239,-0.00096,0.002058,96,2560,17,0.66,1356,493,711,True
NORAD56727,IRIDIUM 177,56727,unknown,alt500-700km_inc60-90deg,2599,2023-05-22T16:28:48.333792+00:00,2026-07-26T12:51:17.007264+00:00,1160.849,9.735,1.622,21.092,628.590898,618.739323,629.286017,86.208798,0.000239,0.000147,0.001287,0.000239,-0.00096,0.002058,168,2523,63,2.436,1318,496,709,True
NORAD61594,ONEWEB-0015,61594,unknown,alt900-1400km_inc60-90deg,1669,2024-10-24T16:00:01.999584+00:00,2026-07-26T10:47:35.065824+00:00,639.783,8.0,1.831,16.48,1113.280687,593.033393,1217.933386,87.659341,0.000286,8.1e-05,0.000833,-0.030304,-0.97662,0.58417,8,1281,3,0.234,605,354,322,True
NORAD61594,ONEWEB-0015,61594,unknown,alt900-1400km_inc60-90deg,1669,2024-10-24T16:00:01.999584+00:00,2026-07-26T10:47:35.065824+00:00,639.783,8.0,1.831,16.48,1113.280687,593.033393,1217.933386,87.659341,0.000286,8.1e-05,0.000833,-0.030304,-0.97662,0.58417,24,1581,40,2.468,785,406,390,True
NORAD61594,ONEWEB-0015,61594,unknown,alt900-1400km_inc60-90deg,1669,2024-10-24T16:00:01.999584+00:00,2026-07-26T10:47:35.065824+00:00,639.783,8.0,1.831,16.48,1113.280687,593.033393,1217.933386,87.659341,0.000286,8.1e-05,0.000833,-0.030304,-0.97662,0.58417,48,1534,102,6.235,728,413,393,True
NORAD61594,ONEWEB-0015,61594,unknown,alt900-1400km_inc60-90deg,1669,2024-10-24T16:00:01.999584+00:00,2026-07-26T10:47:35.065824+00:00,639.783,8.0,1.831,16.48,1113.280687,593.033393,1217.933386,87.659341,0.000286,8.1e-05,0.000833,-0.030304,-0.97662,0.58417,72,1478,148,9.102,678,410,390,True
NORAD61594,ONEWEB-0015,61594,unknown,alt900-1400km_inc60-90deg,1669,2024-10-24T16:00:01.999584+00:00,2026-07-26T10:47:35.065824+00:00,639.783,8.0,1.831,16.48,1113.280687,593.033393,1217.933386,87.659341,0.000286,8.1e-05,0.000833,-0.030304,-0.97662,0.58417,96,1471,183,11.064,660,412,399,True
NORAD61594,ONEWEB-0015,61594,unknown,alt900-1400km_inc60-90deg,1669,2024-10-24T16:00:01.999584+00:00,2026-07-26T10:47:35.065824+00:00,639.783,8.0,1.831,16.48,1113.280687,593.033393,1217.933386,87.659341,0.000286,8.1e-05,0.000833,-0.030304,-0.97662,0.58417,168,1374,277,16.778,562,413,399,True
NORAD66514,SENTINEL-6B,66514,unknown,alt900-1400km_inc60-90deg,703,2025-11-17T08:20:13.250976+00:00,2026-07-26T14:12:50.533056+00:00,251.245,5.621,0.0,18.738,1335.878313,1317.493227,1337.738182,66.041104,0.000842,0.000778,0.002109,0.000154,-0.005427,0.004723,8,456,0,0.0,268,114,74,True
NORAD66514,SENTINEL-6B,66514,unknown,alt900-1400km_inc60-90deg,703,2025-11-17T08:20:13.250976+00:00,2026-07-26T14:12:50.533056+00:00,251.245,5.621,0.0,18.738,1335.878313,1317.493227,1337.738182,66.041104,0.000842,0.000778,0.002109,0.000154,-0.005427,0.004723,24,662,0,0.0,382,156,124,True
NORAD66514,SENTINEL-6B,66514,unknown,alt900-1400km_inc60-90deg,703,2025-11-17T08:20:13.250976+00:00,2026-07-26T14:12:50.533056+00:00,251.245,5.621,0.0,18.738,1335.878313,1317.493227,1337.738182,66.041104,0.000842,0.000778,0.002109,0.000154,-0.005427,0.004723,48,659,0,0.0,378,155,126,True
NORAD66514,SENTINEL-6B,66514,unknown,alt900-1400km_inc60-90deg,703,2025-11-17T08:20:13.250976+00:00,2026-07-26T14:12:50.533056+00:00,251.245,5.621,0.0,18.738,1335.878313,1317.493227,1337.738182,66.041104,0.000842,0.000778,0.002109,0.000154,-0.005427,0.004723,72,651,6,0.913,373,154,124,True
NORAD66514,SENTINEL-6B,66514,unknown,alt900-1400km_inc60-90deg,703,2025-11-17T08:20:13.250976+00:00,2026-07-26T14:12:50.533056+00:00,251.245,5.621,0.0,18.738,1335.878313,1317.493227,1337.738182,66.041104,0.000842,0.000778,0.002109,0.000154,-0.005427,0.004723,96,663,11,1.632,376,159,128,True
NORAD66514,SENTINEL-6B,66514,unknown,alt900-1400km_inc60-90deg,703,2025-11-17T08:20:13.250976+00:00,2026-07-26T14:12:50.533056+00:00,251.245,5.621,0.0,18.738,1335.878313,1317.493227,1337.738182,66.041104,0.000842,0.000778,0.002109,0.000154,-0.005427,0.004723,168,650,13,1.961,360,159,131,True
NORAD66704,FLOCK 4H 1,66704,unknown,alt500-700km_inc90-100deg,598,2025-12-18T03:19:14.696256+00:00,2026-07-26T11:05:43.209024+00:00,220.324,7.896,0.0,17.393,507.164495,502.929298,512.453175,97.424904,0.000242,4.1e-05,0.001633,0.000363,-0.012063,0.026259,8,430,1,0.232,264,100,66,True
NORAD66704,FLOCK 4H 1,66704,unknown,alt500-700km_inc90-100deg,598,2025-12-18T03:19:14.696256+00:00,2026-07-26T11:05:43.209024+00:00,220.324,7.896,0.0,17.393,507.164495,502.929298,512.453175,97.424904,0.000242,4.1e-05,0.001633,0.000363,-0.012063,0.026259,24,559,0,0.0,342,122,95,True
NORAD66704,FLOCK 4H 1,66704,unknown,alt500-700km_inc90-100deg,598,2025-12-18T03:19:14.696256+00:00,2026-07-26T11:05:43.209024+00:00,220.324,7.896,0.0,17.393,507.164495,502.929298,512.453175,97.424904,0.000242,4.1e-05,0.001633,0.000363,-0.012063,0.026259,48,578,3,0.516,352,124,102,True
NORAD66704,FLOCK 4H 1,66704,unknown,alt500-700km_inc90-100deg,598,2025-12-18T03:19:14.696256+00:00,2026-07-26T11:05:43.209024+00:00,220.324,7.896,0.0,17.393,507.164495,502.929298,512.453175,97.424904,0.000242,4.1e-05,0.001633,0.000363,-0.012063,0.026259,72,571,3,0.523,346,125,100,True
NORAD66704,FLOCK 4H 1,66704,unknown,alt500-700km_inc90-100deg,598,2025-12-18T03:19:14.696256+00:00,2026-07-26T11:05:43.209024+00:00,220.324,7.896,0.0,17.393,507.164495,502.929298,512.453175,97.424904,0.000242,4.1e-05,0.001633,0.000363,-0.012063,0.026259,96,581,4,0.684,352,125,104,True
NORAD66704,FLOCK 4H 1,66704,unknown,alt500-700km_inc90-100deg,598,2025-12-18T03:19:14.696256+00:00,2026-07-26T11:05:43.209024+00:00,220.324,7.896,0.0,17.393,507.164495,502.929298,512.453175,97.424904,0.000242,4.1e-05,0.001633,0.000363,-0.012063,0.026259,168,559,16,2.783,329,125,105,True
NORAD66705,FLOCK 4H 2,66705,unknown,alt500-700km_inc90-100deg,613,2025-12-18T17:33:03.551040+00:00,2026-07-26T13:34:20.480448+00:00,219.834,7.894,0.0,17.374,506.518403,502.063501,511.935015,97.424211,0.000189,1.3e-05,0.000488,0.000405,-0.006096,0.027001,8,449,3,0.664,275,110,64,True
NORAD66705,FLOCK 4H 2,66705,unknown,alt500-700km_inc90-100deg,613,2025-12-18T17:33:03.551040+00:00,2026-07-26T13:34:20.480448+00:00,219.834,7.894,0.0,17.374,506.518403,502.063501,511.935015,97.424211,0.000189,1.3e-05,0.000488,0.000405,-0.006096,0.027001,24,575,3,0.519,343,133,99,True
NORAD66705,FLOCK 4H 2,66705,unknown,alt500-700km_inc90-100deg,613,2025-12-18T17:33:03.551040+00:00,2026-07-26T13:34:20.480448+00:00,219.834,7.894,0.0,17.374,506.518403,502.063501,511.935015,97.424211,0.000189,1.3e-05,0.000488,0.000405,-0.006096,0.027001,48,581,6,1.022,348,133,100,True
NORAD66705,FLOCK 4H 2,66705,unknown,alt500-700km_inc90-100deg,613,2025-12-18T17:33:03.551040+00:00,2026-07-26T13:34:20.480448+00:00,219.834,7.894,0.0,17.374,506.518403,502.063501,511.935015,97.424211,0.000189,1.3e-05,0.000488,0.000405,-0.006096,0.027001,72,579,8,1.363,346,134,99,True
NORAD66705,FLOCK 4H 2,66705,unknown,alt500-700km_inc90-100deg,613,2025-12-18T17:33:03.551040+00:00,2026-07-26T13:34:20.480448+00:00,219.834,7.894,0.0,17.374,506.518403,502.063501,511.935015,97.424211,0.000189,1.3e-05,0.000488,0.000405,-0.006096,0.027001,96,582,7,1.188,347,136,99,True
NORAD66705,FLOCK 4H 2,66705,unknown,alt500-700km_inc90-100deg,613,2025-12-18T17:33:03.551040+00:00,2026-07-26T13:34:20.480448+00:00,219.834,7.894,0.0,17.374,506.518403,502.063501,511.935015,97.424211,0.000189,1.3e-05,0.000488,0.000405,-0.006096,0.027001,168,572,14,2.389,333,136,103,True
NORAD66741,BLACK KITE-1,66741,unknown,alt500-700km_inc90-100deg,436,2025-12-18T03:26:34.220832+00:00,2026-07-26T04:39:33.613920+00:00,220.051,6.33,0.0,23.682,507.268409,502.460063,516.820919,97.428978,0.000489,9.6e-05,0.001492,0.000234,-0.021786,0.001057,8,309,0,0.0,164,86,59,True
NORAD66741,BLACK KITE-1,66741,unknown,alt500-700km_inc90-100deg,436,2025-12-18T03:26:34.220832+00:00,2026-07-26T04:39:33.613920+00:00,220.051,6.33,0.0,23.682,507.268409,502.460063,516.820919,97.428978,0.000489,9.6e-05,0.001492,0.000234,-0.021786,0.001057,24,377,5,1.309,186,110,81,True
NORAD66741,BLACK KITE-1,66741,unknown,alt500-700km_inc90-100deg,436,2025-12-18T03:26:34.220832+00:00,2026-07-26T04:39:33.613920+00:00,220.051,6.33,0.0,23.682,507.268409,502.460063,516.820919,97.428978,0.000489,9.6e-05,0.001492,0.000234,-0.021786,0.001057,48,384,5,1.285,182,115,87,True
NORAD66741,BLACK KITE-1,66741,unknown,alt500-700km_inc90-100deg,436,2025-12-18T03:26:34.220832+00:00,2026-07-26T04:39:33.613920+00:00,220.051,6.33,0.0,23.682,507.268409,502.460063,516.820919,97.428978,0.000489,9.6e-05,0.001492,0.000234,-0.021786,0.001057,72,380,8,2.062,173,121,86,True
NORAD66741,BLACK KITE-1,66741,unknown,alt500-700km_inc90-100deg,436,2025-12-18T03:26:34.220832+00:00,2026-07-26T04:39:33.613920+00:00,220.051,6.33,0.0,23.682,507.268409,502.460063,516.820919,97.428978,0.000489,9.6e-05,0.001492,0.000234,-0.021786,0.001057,96,382,12,3.046,174,120,88,True
NORAD66741,BLACK KITE-1,66741,unknown,alt500-700km_inc90-100deg,436,2025-12-18T03:26:34.220832+00:00,2026-07-26T04:39:33.613920+00:00,220.051,6.33,0.0,23.682,507.268409,502.460063,516.820919,97.428978,0.000489,9.6e-05,0.001492,0.000234,-0.021786,0.001057,168,381,18,4.511,168,121,92,True
NORAD68474,BLACK KITE-2,68474,unknown,alt500-700km_inc90-100deg,245,2026-04-13T22:00:44.961120+00:00,2026-07-26T08:43:20.172288+00:00,103.446,8.044,0.0,20.914,590.107049,589.384775,590.813263,97.753916,0.000244,3e-05,0.0004,0.000217,9.5e-05,0.000417,8,174,0,0.0,124,26,24,True
NORAD68474,BLACK KITE-2,68474,unknown,alt500-700km_inc90-100deg,245,2026-04-13T22:00:44.961120+00:00,2026-07-26T08:43:20.172288+00:00,103.446,8.044,0.0,20.914,590.107049,589.384775,590.813263,97.753916,0.000244,3e-05,0.0004,0.000217,9.5e-05,0.000417,24,219,0,0.0,142,39,38,True
NORAD68474,BLACK KITE-2,68474,unknown,alt500-700km_inc90-100deg,245,2026-04-13T22:00:44.961120+00:00,2026-07-26T08:43:20.172288+00:00,103.446,8.044,0.0,20.914,590.107049,589.384775,590.813263,97.753916,0.000244,3e-05,0.0004,0.000217,9.5e-05,0.000417,48,214,0,0.0,136,41,37,True
NORAD68474,BLACK KITE-2,68474,unknown,alt500-700km_inc90-100deg,245,2026-04-13T22:00:44.961120+00:00,2026-07-26T08:43:20.172288+00:00,103.446,8.044,0.0,20.914,590.107049,589.384775,590.813263,97.753916,0.000244,3e-05,0.0004,0.000217,9.5e-05,0.000417,72,216,0,0.0,139,40,37,True
NORAD68474,BLACK KITE-2,68474,unknown,alt500-700km_inc90-100deg,245,2026-04-13T22:00:44.961120+00:00,2026-07-26T08:43:20.172288+00:00,103.446,8.044,0.0,20.914,590.107049,589.384775,590.813263,97.753916,0.000244,3e-05,0.0004,0.000217,9.5e-05,0.000417,96,229,0,0.0,148,40,41,True
NORAD68474,BLACK KITE-2,68474,unknown,alt500-700km_inc90-100deg,245,2026-04-13T22:00:44.961120+00:00,2026-07-26T08:43:20.172288+00:00,103.446,8.044,0.0,20.914,590.107049,589.384775,590.813263,97.753916,0.000244,3e-05,0.0004,0.000217,9.5e-05,0.000417,168,234,0,0.0,151,42,41,True
NORAD100001,STARLINK-38128,100001,unknown,alt300-500km_inc60-90deg,11,2026-07-22T01:27:23.323104+00:00,2026-07-26T13:26:19.063968+00:00,4.499,9.886,6.083,15.209,334.205174,332.60014,334.48404,70.000673,0.000455,0.000363,0.000608,0.000595,-0.006506,0.001895,8,8,0,0.0,7,0,1,False
NORAD100001,STARLINK-38128,100001,unknown,alt300-500km_inc60-90deg,11,2026-07-22T01:27:23.323104+00:00,2026-07-26T13:26:19.063968+00:00,4.499,9.886,6.083,15.209,334.205174,332.60014,334.48404,70.000673,0.000455,0.000363,0.000608,0.000595,-0.006506,0.001895,24,7,2,22.222,5,1,1,False
NORAD100001,STARLINK-38128,100001,unknown,alt300-500km_inc60-90deg,11,2026-07-22T01:27:23.323104+00:00,2026-07-26T13:26:19.063968+00:00,4.499,9.886,6.083,15.209,334.205174,332.60014,334.48404,70.000673,0.000455,0.000363,0.000608,0.000595,-0.006506,0.001895,48,3,3,50.0,1,1,1,False
NORAD100001,STARLINK-38128,100001,unknown,alt300-500km_inc60-90deg,11,2026-07-22T01:27:23.323104+00:00,2026-07-26T13:26:19.063968+00:00,4.499,9.886,6.083,15.209,334.205174,332.60014,334.48404,70.000673,0.000455,0.000363,0.000608,0.000595,-0.006506,0.001895,72,2,2,50.0,0,1,1,False
NORAD100001,STARLINK-38128,100001,unknown,alt300-500km_inc60-90deg,11,2026-07-22T01:27:23.323104+00:00,2026-07-26T13:26:19.063968+00:00,4.499,9.886,6.083,15.209,334.205174,332.60014,334.48404,70.000673,0.000455,0.000363,0.000608,0.000595,-0.006506,0.001895,96,0,2,100.0,0,0,0,False
NORAD100001,STARLINK-38128,100001,unknown,alt300-500km_inc60-90deg,11,2026-07-22T01:27:23.323104+00:00,2026-07-26T13:26:19.063968+00:00,4.499,9.886,6.083,15.209,334.205174,332.60014,334.48404,70.000673,0.000455,0.000363,0.000608,0.000595,-0.006506,0.001895,168,0,0,0.0,0,0,0,False
NORAD100002,STARLINK-37711,100002,unknown,alt300-500km_inc60-90deg,9,2026-07-22T01:26:20.955264+00:00,2026-07-26T11:53:58.641504+00:00,4.436,12.927,4.563,19.772,333.987756,330.607231,334.792525,69.999867,0.000448,0.000346,0.000924,0.001518,0.000812,0.002659,8,5,0,0.0,4,0,1,False
NORAD100002,STARLINK-37711,100002,unknown,alt300-500km_inc60-90deg,9,2026-07-22T01:26:20.955264+00:00,2026-07-26T11:53:58.641504+00:00,4.436,12.927,4.563,19.772,333.987756,330.607231,334.792525,69.999867,0.000448,0.000346,0.000924,0.001518,0.000812,0.002659,24,6,2,25.0,3,1,2,False
NORAD100002,STARLINK-37711,100002,unknown,alt300-500km_inc60-90deg,9,2026-07-22T01:26:20.955264+00:00,2026-07-26T11:53:58.641504+00:00,4.436,12.927,4.563,19.772,333.987756,330.607231,334.792525,69.999867,0.000448,0.000346,0.000924,0.001518,0.000812,0.002659,48,3,3,50.0,1,1,1,False
NORAD100002,STARLINK-37711,100002,unknown,alt300-500km_inc60-90deg,9,2026-07-22T01:26:20.955264+00:00,2026-07-26T11:53:58.641504+00:00,4.436,12.927,4.563,19.772,333.987756,330.607231,334.792525,69.999867,0.000448,0.000346,0.000924,0.001518,0.000812,0.002659,72,1,3,75.0,0,0,1,False
NORAD100002,STARLINK-37711,100002,unknown,alt300-500km_inc60-90deg,9,2026-07-22T01:26:20.955264+00:00,2026-07-26T11:53:58.641504+00:00,4.436,12.927,4.563,19.772,333.987756,330.607231,334.792525,69.999867,0.000448,0.000346,0.000924,0.001518,0.000812,0.002659,96,0,2,100.0,0,0,0,False
NORAD100002,STARLINK-37711,100002,unknown,alt300-500km_inc60-90deg,9,2026-07-22T01:26:20.955264+00:00,2026-07-26T11:53:58.641504+00:00,4.436,12.927,4.563,19.772,333.987756,330.607231,334.792525,69.999867,0.000448,0.000346,0.000924,0.001518,0.000812,0.002659,168,0,0,0.0,0,0,0,False
