target_satellite,target_name,staleness_h,status,canonical_records,median_gap_h,epoch_start,epoch_end,reject_hz,gamma,f_tol_hz,n_train_pairs,n_validation_pairs,n_test_pairs,rejected_train_pairs,rejected_validation_pairs,rejected_test_pairs,reject_rate_target_pct,selected_model,ridge_alpha,val_sgp4_mae_hz,val_learned_mae_hz,val_degradation_pct,gate_decision,test_sgp4_mae_hz,test_learned_mae_hz,test_delta_mae_hz,test_degradation_pct,deployed_test_mae_hz
NORAD25544,ISS (ZARYA),8,evaluated,46859,4.518,1998-11-20T06:49:59.999807+00:00,2026-07-26T09:51:36.701280+00:00,1500.0,0.95,500.0,27365,7918,9297,55,0,14,0.155,linear_bias_rate,,2.033868,2.049001,0.7441,closed,2.97944,2.989038,0.009598,0.3222,2.97944
NORAD25544,ISS (ZARYA),24,evaluated,46859,4.518,1998-11-20T06:49:59.999807+00:00,2026-07-26T09:51:36.701280+00:00,1500.0,0.95,500.0,27871,8455,9597,531,52,153,1.577,linear_bias_rate,,6.224329,6.233598,0.1489,closed,9.63197,9.640041,0.008071,0.0838,9.63197
NORAD25544,ISS (ZARYA),48,evaluated,46859,4.518,1998-11-20T06:49:59.999807+00:00,2026-07-26T09:51:36.701280+00:00,1500.0,0.95,500.0,27006,8324,9226,1412,209,530,4.605,linear_bias_rate,,13.52868,13.554557,0.1913,closed,21.483488,21.501637,0.018149,0.0845,21.483488
NORAD25544,ISS (ZARYA),72,evaluated,46859,4.518,1998-11-20T06:49:59.999807+00:00,2026-07-26T09:51:36.701280+00:00,1500.0,0.95,500.0,25709,8113,8741,2681,418,1005,8.794,linear_bias_rate,,21.371541,21.416184,0.2089,closed,33.99427,34.026628,0.032358,0.0952,33.99427
NORAD25544,ISS (ZARYA),96,evaluated,46859,4.518,1998-11-20T06:49:59.999807+00:00,2026-07-26T09:51:36.701280+00:00,1500.0,0.95,500.0,24271,7885,8205,4137,669,1565,13.633,linear_bias_rate,,27.638435,27.696921,0.2116,closed,45.422246,45.464414,0.042168,0.0928,45.422246
NORAD25544,ISS (ZARYA),168,evaluated,46859,4.518,1998-11-20T06:49:59.999807+00:00,2026-07-26T09:51:36.701280+00:00,1500.0,0.95,500.0,19702,7100,6609,8703,1459,3172,28.525,linear_bias_rate,,54.650589,54.801684,0.2765,closed,87.84628,87.962303,0.116023,0.1321,87.84628
NORAD56726,IRIDIUM 181,8,evaluated,2678,9.982,2023-05-22T16:28:54.903648+00:00,2026-07-26T14:58:51.988512+00:00,1500.0,0.95,500.0,924,345,633,0,0,0,0.0,stale_age_ridge,1000.0,0.194536,0.191874,-1.3686,closed,0.1674,0.164145,-0.003255,-1.9445,0.1674
NORAD56726,IRIDIUM 181,24,evaluated,2678,9.982,2023-05-22T16:28:54.903648+00:00,2026-07-26T14:58:51.988512+00:00,1500.0,0.95,500.0,1361,484,739,0,0,0,0.0,stale_age_ridge,1000.0,0.718019,0.735589,2.447,closed,0.636758,0.650673,0.013916,2.1854,0.636758
NORAD56726,IRIDIUM 181,48,evaluated,2678,9.982,2023-05-22T16:28:54.903648+00:00,2026-07-26T14:58:51.988512+00:00,1500.0,0.95,500.0,1369,496,744,3,0,0,0.115,stale_age_ridge,1000.0,1.728454,1.722946,-0.3187,closed,1.60997,1.602915,-0.007055,-0.4382,1.60997
NORAD56726,IRIDIUM 181,72,evaluated,2678,9.982,2023-05-22T16:28:54.903648+00:00,2026-07-26T14:58:51.988512+00:00,1500.0,0.95,500.0,1358,492,741,6,0,0,0.231,stale_age_ridge,1000.0,3.048264,3.035582,-0.416,closed,2.850624,2.822508,-0.028115,-0.9863,2.850624
NORAD56726,IRIDIUM 181,96,evaluated,2678,9.982,2023-05-22T16:28:54.903648+00:00,2026-07-26T14:58:51.988512+00:00,1500.0,0.95,500.0,1388,504,750,10,0,0,0.377,stale_age_ridge,1000.0,4.97603,4.936554,-0.7933,closed,4.474018,4.400893,-0.073124,-1.6344,4.474018
NORAD56726,IRIDIUM 181,168,evaluated,2678,9.982,2023-05-22T16:28:54.903648+00:00,2026-07-26T14:58:51.988512+00:00,1500.0,0.95,500.0,1379,507,752,25,0,0,0.939,stale_age_ridge,1000.0,13.464661,13.380122,-0.6279,closed,9.861702,9.641488,-0.220214,-2.233,9.861702
NORAD56727,IRIDIUM 177,8,evaluated,2623,9.735,2023-05-22T16:28:48.333792+00:00,2026-07-26T12:51:17.007264+00:00,1500.0,0.95,500.0,876,360,639,0,0,0,0.0,stale_age_ridge,1000.0,0.488971,0.487756,-0.2486,closed,0.424478,0.424424,-5.3e-05,-0.0125,0.424478
NORAD56727,IRIDIUM 177,24,evaluated,2623,9.735,2023-05-22T16:28:48.333792+00:00,2026-07-26T12:51:17.007264+00:00,1500.0,0.95,500.0,1342,479,723,1,0,0,0.039,linear_bias_rate,,1.672105,1.686998,0.8907,closed,1.59579,1.607619,0.011829,0.7412,1.59579
NORAD56727,IRIDIUM 177,48,evaluated,2623,9.735,2023-05-22T16:28:48.333792+00:00,2026-07-26T12:51:17.007264+00:00,1500.0,0.95,500.0,1333,477,722,2,0,0,0.079,stale_age_ridge,1000.0,3.841564,3.866884,0.6591,closed,5.115764,5.158718,0.042953,0.8396,5.115764
NORAD56727,IRIDIUM 177,72,evaluated,2623,9.735,2023-05-22T16:28:48.333792+00:00,2026-07-26T12:51:17.007264+00:00,1500.0,0.95,500.0,1334,480,729,9,0,0,0.353,stale_age_ridge,1000.0,7.474526,7.443991,-0.4085,closed,9.957333,9.967465,0.010132,0.1018,9.957333
NORAD56727,IRIDIUM 177,96,evaluated,2623,9.735,2023-05-22T16:28:48.333792+00:00,2026-07-26T12:51:17.007264+00:00,1500.0,0.95,500.0,1356,496,732,17,0,0,0.654,stale_age_ridge,1000.0,13.459444,13.259391,-1.4863,closed,16.28023,16.195898,-0.084332,-0.518,16.28023
NORAD56727,IRIDIUM 177,168,evaluated,2623,9.735,2023-05-22T16:28:48.333792+00:00,2026-07-26T12:51:17.007264+00:00,1500.0,0.95,500.0,1318,499,730,56,1,6,2.414,stale_age_ridge,1000.0,36.848041,36.099575,-2.0312,closed,41.025822,40.491675,-0.534147,-1.302,41.025822
NORAD61594,ONEWEB-0015,8,evaluated,1695,8.0,2024-10-24T16:00:01.999584+00:00,2026-07-26T10:47:35.065824+00:00,1500.0,0.95,500.0,627,373,331,3,0,0,0.225,stale_age_ridge,1000.0,0.56699,0.899166,58.5858,closed,0.488377,0.884867,0.39649,81.1851,0.488377
NORAD61594,ONEWEB-0015,24,evaluated,1695,8.0,2024-10-24T16:00:01.999584+00:00,2026-07-26T10:47:35.065824+00:00,1500.0,0.95,500.0,791,416,397,47,0,0,2.847,linear_bias_rate,,1.085374,2.411641,122.1945,closed,1.052899,2.340346,1.287447,122.2765,1.052899
NORAD61594,ONEWEB-0015,48,evaluated,1695,8.0,2024-10-24T16:00:01.999584+00:00,2026-07-26T10:47:35.065824+00:00,1500.0,0.95,500.0,736,421,400,107,0,0,6.43,stale_age_ridge,1000.0,2.001634,2.278222,13.8181,closed,1.954724,2.276525,0.321801,16.4628,1.954724
NORAD61594,ONEWEB-0015,72,evaluated,1695,8.0,2024-10-24T16:00:01.999584+00:00,2026-07-26T10:47:35.065824+00:00,1500.0,0.95,500.0,686,418,398,154,0,0,9.3,linear_bias_rate,,2.390593,2.414566,1.0028,closed,2.428928,2.455486,0.026558,1.0934,2.428928
NORAD61594,ONEWEB-0015,96,evaluated,1695,8.0,2024-10-24T16:00:01.999584+00:00,2026-07-26T10:47:35.065824+00:00,1500.0,0.95,500.0,668,420,404,188,0,0,11.19,stale_age_ridge,1000.0,2.667518,2.660379,-0.2676,closed,3.27862,3.265702,-0.012918,-0.394,3.27862
NORAD61594,ONEWEB-0015,168,evaluated,1695,8.0,2024-10-24T16:00:01.999584+00:00,2026-07-26T10:47:35.065824+00:00,1500.0,0.95,500.0,568,421,404,284,0,0,16.935,linear_bias_rate,,5.056065,5.074444,0.3635,closed,8.84915,8.860425,0.011276,0.1274,8.84915
NORAD66514,SENTINEL-6B,8,evaluated,727,5.621,2025-11-17T08:20:13.250976+00:00,2026-07-26T14:12:50.533056+00:00,1500.0,0.95,500.0,290,119,78,0,0,0,0.0,linear_bias_rate,,0.045403,0.050174,10.5081,closed,0.041419,0.046695,0.005276,12.7371,0.041419
NORAD66514,SENTINEL-6B,24,evaluated,727,5.621,2025-11-17T08:20:13.250976+00:00,2026-07-26T14:12:50.533056+00:00,1500.0,0.95,500.0,402,161,126,0,0,0,0.0,linear_bias_rate,,0.143756,0.152887,6.3516,closed,0.115621,0.125032,0.009411,8.14,0.115621
NORAD66514,SENTINEL-6B,48,evaluated,727,5.621,2025-11-17T08:20:13.250976+00:00,2026-07-26T14:12:50.533056+00:00,1500.0,0.95,500.0,395,163,129,0,0,0,0.0,linear_bias_rate,,0.292191,0.313504,7.2941,closed,0.22246,0.248562,0.026102,11.7336,0.22246
NORAD66514,SENTINEL-6B,72,evaluated,727,5.621,2025-11-17T08:20:13.250976+00:00,2026-07-26T14:12:50.533056+00:00,1500.0,0.95,500.0,390,163,127,8,0,0,1.163,linear_bias_rate,,0.451209,0.482681,6.9751,closed,0.325852,0.373073,0.047221,14.4916,0.325852
NORAD66514,SENTINEL-6B,96,evaluated,727,5.621,2025-11-17T08:20:13.250976+00:00,2026-07-26T14:12:50.533056+00:00,1500.0,0.95,500.0,390,163,131,14,0,0,2.006,linear_bias_rate,,0.612175,0.683088,11.5839,closed,0.437529,0.571663,0.134134,30.6571,0.437529
NORAD66514,SENTINEL-6B,168,evaluated,727,5.621,2025-11-17T08:20:13.250976+00:00,2026-07-26T14:12:50.533056+00:00,1500.0,0.95,500.0,373,163,134,16,0,0,2.332,linear_bias_rate,,1.300264,1.410429,8.4725,closed,0.778237,0.943554,0.165317,21.2425,0.778237
NORAD66704,FLOCK 4H 1,8,evaluated,614,7.895,2025-12-18T03:19:14.696256+00:00,2026-07-26T11:05:43.209024+00:00,1500.0,0.95,500.0,275,105,72,1,0,0,0.221,stale_age_ridge,100.0,0.241628,0.26576,9.9872,closed,0.23766,0.272037,0.034377,14.4646,0.23766
NORAD66704,FLOCK 4H 1,24,evaluated,614,7.895,2025-12-18T03:19:14.696256+00:00,2026-07-26T11:05:43.209024+00:00,1500.0,0.95,500.0,357,125,99,0,0,0,0.0,stale_age_ridge,1000.0,0.760135,0.775872,2.0703,closed,0.883698,0.874451,-0.009247,-1.0464,0.883698
NORAD66704,FLOCK 4H 1,48,evaluated,614,7.895,2025-12-18T03:19:14.696256+00:00,2026-07-26T11:05:43.209024+00:00,1500.0,0.95,500.0,362,128,105,3,0,0,0.502,stale_age_ridge,1000.0,1.906867,1.943669,1.93,closed,2.128672,2.147719,0.019047,0.8948,2.128672
NORAD66704,FLOCK 4H 1,72,evaluated,614,7.895,2025-12-18T03:19:14.696256+00:00,2026-07-26T11:05:43.209024+00:00,1500.0,0.95,500.0,355,128,103,3,0,0,0.509,linear_bias_rate,,4.075125,4.068125,-0.1718,closed,4.173529,4.200975,0.027446,0.6576,4.173529
NORAD66704,FLOCK 4H 1,96,evaluated,614,7.895,2025-12-18T03:19:14.696256+00:00,2026-07-26T11:05:43.209024+00:00,1500.0,0.95,500.0,361,128,107,4,0,0,0.667,linear_bias_rate,,6.821142,6.841708,0.3015,closed,7.552705,7.607885,0.05518,0.7306,7.552705
NORAD66704,FLOCK 4H 1,168,evaluated,614,7.895,2025-12-18T03:19:14.696256+00:00,2026-07-26T11:05:43.209024+00:00,1500.0,0.95,500.0,338,128,108,16,0,0,2.712,stale_age_ridge,10.0,25.549213,25.508987,-0.1574,closed,22.841426,22.765815,-0.075612,-0.331,22.841426
NORAD66705,FLOCK 4H 2,8,evaluated,635,7.893,2025-12-18T17:33:03.551040+00:00,2026-07-26T13:34:20.480448+00:00,1500.0,0.95,500.0,291,113,71,3,0,0,0.628,linear_bias_rate,,0.264916,0.270762,2.2067,closed,0.260948,0.267495,0.006547,2.5087,0.260948
NORAD66705,FLOCK 4H 2,24,evaluated,635,7.893,2025-12-18T17:33:03.551040+00:00,2026-07-26T13:34:20.480448+00:00,1500.0,0.95,500.0,363,136,103,3,0,0,0.496,stale_age_ridge,1000.0,0.754164,0.763376,1.2214,closed,0.832382,0.845197,0.012816,1.5396,0.832382
NORAD66705,FLOCK 4H 2,48,evaluated,635,7.893,2025-12-18T17:33:03.551040+00:00,2026-07-26T13:34:20.480448+00:00,1500.0,0.95,500.0,369,137,104,6,0,0,0.974,stale_age_ridge,1000.0,1.962829,1.954249,-0.4371,closed,2.378153,2.361537,-0.016616,-0.6987,2.378153
NORAD66705,FLOCK 4H 2,72,evaluated,635,7.893,2025-12-18T17:33:03.551040+00:00,2026-07-26T13:34:20.480448+00:00,1500.0,0.95,500.0,367,137,103,8,0,0,1.301,stale_age_ridge,10.0,4.652394,4.627796,-0.5287,closed,5.28762,5.258837,-0.028784,-0.5444,5.28762
NORAD66705,FLOCK 4H 2,96,evaluated,635,7.893,2025-12-18T17:33:03.551040+00:00,2026-07-26T13:34:20.480448+00:00,1500.0,0.95,500.0,365,139,103,7,0,0,1.14,stale_age_ridge,1000.0,7.717516,7.697709,-0.2566,closed,7.395288,7.40693,0.011642,0.1574,7.395288
NORAD66705,FLOCK 4H 2,168,evaluated,635,7.893,2025-12-18T17:33:03.551040+00:00,2026-07-26T13:34:20.480448+00:00,1500.0,0.95,500.0,349,139,107,14,0,0,2.299,stale_age_ridge,0.01,25.129225,25.09383,-0.1409,closed,23.327804,23.240153,-0.087651,-0.3757,23.327804
